,current_party,district,dw_nominate,end_date,first_name,in_office,last_name,member_id,middle_name,name,party,start_date,state
A000374,R,5,0.514,2021-01-03,Ralph,True,Abraham,A000374,,Ralph Abraham,R,2015-01-06,LA
A000370,D,12,-0.469,2021-01-03,Alma,True,Adams,A000370,,Alma Adams,D,2014-11-12,NC
A000055,R,4,0.364,2021-01-03,Robert,True,Aderholt,A000055,B.,Robert B. Aderholt,R,1997-01-07,AL
A000371,D,31,-0.287,2021-01-03,Pete,True,Aguilar,A000371,,Pete Aguilar,D,2015-01-06,CA
A000372,R,12,0.639,2021-01-03,Rick,True,Allen,A000372,,Rick Allen,R,2015-01-06,GA
A000376,D,32,,2021-01-03,Colin,True,Allred,A000376,,Colin Allred,D,2019-01-03,TX
A000367,R,3,0.64,2021-01-03,Justin,True,Amash,A000367,,Justin Amash,R,2011-01-04,MI
A000369,R,2,0.382,2021-01-03,Mark,True,Amodei,A000369,,Mark Amodei,R,2011-09-15,NV
A000377,R,1,,2021-01-03,Kelly,True,Armstrong,A000377,,Kelly Armstrong,R,2019-01-03,ND
A000375,R,19,0.522,2021-01-03,Jodey,True,Arrington,A000375,,Jodey Arrington,R,2017-01-03,TX
A000378,D,3,,2021-01-03,Cynthia,True,Axne,A000378,,Cynthia Axne,D,2019-01-03,IA
B001291,R,36,0.707,2021-01-03,Brian,True,Babin,B001291,,Brian Babin,R,2015-01-06,TX
B001298,R,2,0.411,2021-01-03,Don,True,Bacon,B001298,,Don Bacon,R,2017-01-03,NE
B001307,R,4,,2021-01-03,James,True,Baird,B001307,,James Baird,R,2019-01-03,IN
B001306,R,12,,2021-01-03,Troy,True,Balderson,B001306,,Troy Balderson,R,2018-09-05,OH
B001299,R,3,0.665,2021-01-03,Jim,True,Banks,B001299,,Jim Banks,R,2017-01-03,IN
B001282,R,6,0.496,2021-01-03,Andy,True,Barr,B001282,,Andy Barr,R,2013-01-03,KY
B001300,D,44,-0.508,2021-01-03,Nanette,True,Barragán,B001300,,Nanette Barragán,D,2017-01-03,CA
B001270,D,37,-0.587,2021-01-03,Karen,True,Bass,B001270,,Karen Bass,D,2011-01-04,CA
B001281,D,3,-0.428,2021-01-03,Joyce,True,Beatty,B001281,,Joyce Beatty,D,2013-01-03,OH
B001287,D,7,-0.229,2021-01-03,Ami,True,Bera,B001287,,Ami Bera,D,2013-01-03,CA
B001301,R,1,0.455,2021-01-03,Jack,True,Bergman,B001301,,Jack Bergman,R,2017-01-03,MI
B001292,D,8,-0.387,2021-01-03,Donald,True,Beyer,B001292,,Donald Beyer,D,2015-01-06,VA
B001302,R,5,0.904,2021-01-03,Andy,True,Biggs,B001302,,Andy Biggs,R,2017-01-03,AZ
B001257,R,12,0.405,2021-01-03,Gus,True,Bilirakis,B001257,,Gus Bilirakis,R,2007-01-03,FL
B000490,D,2,-0.281,2021-01-03,Sanford,True,Bishop,B000490,D.,Sanford D. Bishop Jr.,D,1993-01-05,GA
B001250,R,1,0.53,2021-01-03,Rob,True,Bishop,B001250,,Rob Bishop,R,2003-01-07,UT
B000574,D,3,-0.427,2021-01-03,Earl,True,Blumenauer,B000574,,Earl Blumenauer,D,1995-01-04,OR
B001303,D,1,-0.325,2021-01-03,Lisa,True,Blunt Rochester,B001303,,Lisa Blunt Rochester,D,2017-01-03,DE
B001278,D,1,-0.392,2021-01-03,Suzanne,True,Bonamici,B001278,,Suzanne Bonamici,D,2012-02-07,OR
B001295,R,12,0.267,2021-01-03,Mike,True,Bost,B001295,,Mike Bost,R,2015-01-06,IL
B001296,D,2,-0.397,2021-01-03,Brendan,True,Boyle,B001296,,Brendan Boyle,D,2015-01-06,PA
B000755,R,8,0.518,2021-01-03,Kevin,True,Brady,B000755,,Kevin Brady,R,1997-01-07,TX
B001308,D,22,,2021-01-03,Anthony,True,Brindisi,B001308,,Anthony Brindisi,D,2019-01-03,NY
B001274,R,5,0.617,2021-01-03,Mo,True,Brooks,B001274,,Mo Brooks,R,2011-01-04,AL
B001284,R,5,0.368,2021-01-03,Susan,True,Brooks,B001284,,Susan Brooks,R,2013-01-03,IN
B001304,D,4,-0.344,2021-01-03,Anthony,True,Brown,B001304,,Anthony Brown,D,2017-01-03,MD
B001285,D,26,-0.285,2021-01-03,Julia,True,Brownley,B001285,,Julia Brownley,D,2013-01-03,CA
B001260,R,16,0.359,2021-01-03,Vern,True,Buchanan,B001260,,Vern Buchanan,R,2007-01-04,FL
B001297,R,4,0.757,2021-01-03,Ken,True,Buck,B001297,,Ken Buck,R,2015-01-06,CO
B001275,R,8,0.393,2021-01-03,Larry,True,Bucshon,B001275,,Larry Bucshon,R,2011-01-04,IN
B001305,R,13,0.695,2021-01-03,Ted,True,Budd,B001305,,Ted Budd,R,2017-01-03,NC
B001309,R,2,,2021-01-03,Tim,True,Burchett,B001309,,Tim Burchett,R,2019-01-03,TN
B001248,R,26,0.57,2021-01-03,Michael,True,Burgess,B001248,C.,Michael C. Burgess,R,2003-01-07,TX
B001286,D,17,-0.236,2021-01-03,Cheri,True,Bustos,B001286,,Cheri Bustos,D,2013-01-03,IL
B001251,D,1,-0.403,2021-01-03,G.,True,Butterfield,B001251,K.,G. K. Butterfield,D,2003-01-07,NC
B001289,R,1,0.551,2021-01-03,Bradley,True,Byrne,B001289,,Bradley Byrne,R,2014-01-08,AL
C000059,R,42,0.349,2021-01-03,Ken,True,Calvert,C000059,,Ken Calvert,R,1993-01-05,CA
C001112,D,24,-0.295,2021-01-03,Salud,True,Carbajal,C001112,,Salud Carbajal,D,2017-01-03,CA
C001097,D,29,-0.379,2021-01-03,Tony,True,Cárdenas,C001097,,Tony Cárdenas,D,2013-01-03,CA
C001072,D,7,-0.429,2021-01-03,André,True,Carson,C001072,,André Carson,D,2008-03-11,IN
C001103,R,1,0.552,2021-01-03,Buddy,True,Carter,C001103,,Buddy Carter,R,2015-01-06,GA
C001051,R,31,0.466,2021-01-03,John,True,Carter,C001051,,John Carter,R,2003-01-07,TX
C001090,D,8,-0.371,2021-01-03,Matt,True,Cartwright,C001090,,Matt Cartwright,D,2013-01-03,PA
C001055,D,1,-0.205,2021-01-03,Ed,True,Case,C001055,,Ed Case,D,2003-01-07,HI
C001117,D,6,,2021-01-03,Sean,True,Casten,C001117,,Sean Casten,D,2019-01-03,IL
C001066,D,14,-0.439,2021-01-03,Kathy,True,Castor,C001066,,Kathy Castor,D,2007-01-04,FL
C001091,D,20,-0.395,2021-01-03,Joaquín,True,Castro,C001091,,Joaquín Castro,D,2013-01-03,TX
C000266,R,1,0.583,2021-01-03,Steven,True,Chabot,C000266,J.,Steven J. Chabot,R,1995-01-04,OH
C001109,R,1,0.538,2021-01-03,Liz,True,Cheney,C001109,,Liz Cheney,R,2017-01-03,WY
C001080,D,27,-0.488,2021-01-03,Judy,True,Chu,C001080,,Judy Chu,D,2009-07-16,CA
C001084,D,1,-0.39,2021-01-03,David,True,Cicilline,C001084,,David Cicilline,D,2011-01-04,RI
C001123,D,39,,2021-01-03,Gilbert,True,Cisneros,C001123,,Gilbert Cisneros,D,2019-01-03,CA
C001101,D,5,-0.489,2021-01-03,Katherine,True,Clark,C001101,,Katherine Clark,D,2013-12-12,MA
C001067,D,9,-0.616,2021-01-03,Yvette,True,Clarke,C001067,D.,Yvette D. Clarke,D,2007-01-04,NY
C001049,D,1,-0.48,2021-01-03,William,True,Clay,C001049,Lacy,William Lacy Clay,D,2001-01-03,MO
C001061,D,5,-0.453,2021-01-03,Emanuel,True,Cleaver,C001061,,Emanuel Cleaver II,D,2005-01-04,MO
C001118,R,6,,2021-01-03,Ben,True,Cline,C001118,,Ben Cline,R,2019-01-03,VA
C001115,R,27,,2021-01-03,Michael,True,Cloud,C001115,,Michael Cloud,R,2018-07-10,TX
C000537,D,6,-0.464,2021-01-03,James,True,Clyburn,C000537,E.,James E. Clyburn,D,1993-01-05,SC
C001068,D,9,-0.4,2021-01-03,Steve,True,Cohen,C001068,,Steve Cohen,D,2007-01-04,TN
C001053,R,4,0.335,2021-01-03,Tom,True,Cole,C001053,,Tom Cole,R,2003-01-07,OK
C001093,R,9,0.613,2021-01-03,Doug,True,Collins,C001093,,Doug Collins,R,2013-01-03,GA
C001092,R,27,0.367,2021-01-03,Chris,True,Collins,C001092,,Chris Collins,R,2013-01-03,NY
C001108,R,1,0.595,2021-01-03,James,True,Comer,C001108,,James Comer,R,2016-11-14,KY
C001062,R,11,0.59,2021-01-03,K.,True,Conaway,C001062,Michael,K. Michael Conaway,R,2005-01-04,TX
C001078,D,11,-0.307,2021-01-03,Gerald,True,Connolly,C001078,E.,Gerald E. Connolly,D,2009-01-06,VA
C001094,R,8,0.387,2021-01-03,Paul,True,Cook,C001094,,Paul Cook,R,2013-01-03,CA
C000754,D,5,-0.162,2021-01-03,Jim,True,Cooper,C000754,,Jim Cooper,D,1983-01-03,TN
C001110,D,46,-0.278,2021-01-03,J.,True,Correa,C001110,Luis,J. Luis Correa,D,2017-01-03,CA
C001059,D,16,-0.189,2021-01-03,Jim,True,Costa,C001059,,Jim Costa,D,2005-01-04,CA
C001069,D,2,-0.344,2021-01-03,Joe,True,Courtney,C001069,,Joe Courtney,D,2007-01-04,CT
C001124,D,21,,2021-01-03,TJ,True,Cox,C001124,,TJ Cox,D,2019-01-03,CA
C001119,D,2,,2021-01-03,Angie,True,Craig,C001119,,Angie Craig,D,2019-01-03,MN
C001087,R,1,0.387,2021-01-03,Rick,True,Crawford,C001087,,Rick Crawford,R,2011-01-04,AR
C001120,R,2,,2021-01-03,Dan,True,Crenshaw,C001120,,Dan Crenshaw,R,2019-01-03,TX
C001111,D,13,-0.211,2021-01-03,Charlie,True,Crist,C001111,,Charlie Crist,D,2017-01-03,FL
C001121,D,6,,2021-01-03,Jason,True,Crow,C001121,,Jason Crow,D,2019-01-03,CO
C001063,D,28,-0.226,2021-01-03,Henry,True,Cuellar,C001063,,Henry Cuellar,D,2005-01-04,TX
C000984,D,7,-0.438,2021-01-03,Elijah,True,Cummings,C000984,E.,Elijah E. Cummings,D,1995-01-04,MD
C001122,D,1,,2021-01-03,Joe,True,Cunningham,C001122,,Joe Cunningham,D,2019-01-03,SC
C001114,R,3,0.544,2021-01-03,John,True,Curtis,C001114,,John Curtis,R,2017-11-13,UT
D000629,D,3,,2021-01-03,Sharice,True,Davids,D000629,,Sharice Davids,D,2019-01-03,KS
D000626,R,8,0.715,2021-01-03,Warren,True,Davidson,D000626,,Warren Davidson,R,2016-06-09,OH
D000598,D,53,-0.343,2021-01-03,Susan,True,Davis,D000598,A.,Susan A. Davis,D,2001-01-03,CA
D000096,D,7,-0.486,2021-01-03,Danny,True,Davis,D000096,K.,Danny K. Davis,D,1997-01-07,IL
D000619,R,13,0.294,2021-01-03,Rodney,True,Davis,D000619,,Rodney Davis,R,2013-01-03,IL
D000631,D,4,,2021-01-03,Madeleine,True,Dean,D000631,,Madeleine Dean,D,2019-01-03,PA
D000191,D,4,-0.429,2021-01-03,Peter,True,DeFazio,D000191,A.,Peter A. DeFazio,D,1987-01-06,OR
D000197,D,1,-0.432,2021-01-03,Diana,True,DeGette,D000197,,Diana DeGette,D,1997-01-07,CO
D000216,D,3,-0.416,2021-01-03,Rosa,True,DeLauro,D000216,,Rosa DeLauro,D,1991-01-03,CT
D000617,D,1,-0.279,2021-01-03,Suzan,True,DelBene,D000617,K.,Suzan K. DelBene,D,2012-11-13,WA
D000630,D,19,,2021-01-03,Antonio,True,Delgado,D000630,,Antonio Delgado,D,2019-01-03,NY
D000627,D,10,-0.347,2021-01-03,Val,True,Demings,D000627,,Val Demings,D,2017-01-03,FL
D000623,D,11,-0.532,2021-01-03,Mark,True,DeSaulnier,D000623,,Mark DeSaulnier,D,2015-01-06,CA
D000616,R,4,0.598,2021-01-03,Scott,True,DesJarlais,D000616,,Scott DesJarlais,R,2011-01-04,TN
D000610,D,22,-0.401,2021-01-03,Ted,True,Deutch,D000610,,Ted Deutch,D,2010-04-15,FL
D000600,R,25,0.277,2021-01-03,Mario,True,Diaz-Balart,D000600,,Mario Diaz-Balart,R,2003-01-07,FL
D000624,D,12,-0.409,2021-01-03,Debbie,True,Dingell,D000624,,Debbie Dingell,D,2015-01-06,MI
D000399,D,35,-0.402,2021-01-03,Lloyd,True,Doggett,D000399,,Lloyd Doggett,D,1995-01-04,TX
D000482,D,18,-0.33,2021-01-03,Mike,True,Doyle,D000482,,Mike Doyle,D,1995-01-04,PA
D000614,R,7,0.512,2021-01-03,Sean,True,Duffy,D000614,,Sean Duffy,R,2011-01-04,WI
D000615,R,3,0.738,2021-01-03,Jeffrey,True,Duncan,D000615,,Jeffrey Duncan,R,2011-01-04,SC
D000628,R,2,0.5,2021-01-03,Neal,True,Dunn,D000628,,Neal Dunn,R,2017-01-03,FL
E000294,R,6,0.443,2021-01-03,Tom,True,Emmer,E000294,,Tom Emmer,R,2015-01-06,MN
E000179,D,16,-0.408,2021-01-03,Eliot,True,Engel,E000179,L.,Eliot L. Engel,D,1989-01-03,NY
E000299,D,16,,2021-01-03,Veronica,True,Escobar,E000299,,Veronica Escobar,D,2019-01-03,TX
E000215,D,18,-0.382,2021-01-03,Anna,True,Eshoo,E000215,G.,Anna G. Eshoo,D,1993-01-05,CA
E000297,D,13,-0.624,2021-01-03,Adriano,True,Espaillat,E000297,,Adriano Espaillat,D,2017-01-03,NY
E000298,R,4,0.574,2021-01-03,Ron,True,Estes,E000298,,Ron Estes,R,2017-04-25,KS
E000296,D,3,-0.45,2021-01-03,Dwight,True,Evans,E000296,,Dwight Evans,D,2016-11-14,PA
F000465,R,3,0.549,2021-01-03,A.,True,Ferguson,F000465,Drew,A. Drew Ferguson,R,2017-01-03,GA
F000467,D,1,,2021-01-03,Abby,True,Finkenauer,F000467,,Abby Finkenauer,D,2019-01-03,IA
F000466,R,1,0.194,2021-01-03,Brian,True,Fitzpatrick,F000466,,Brian Fitzpatrick,R,2017-01-03,PA
F000459,R,3,0.473,2021-01-03,Chuck,True,Fleischmann,F000459,,Chuck Fleischmann,R,2011-01-04,TN
F000468,D,7,,2021-01-03,Lizzie,True,Fletcher,F000468,,Lizzie Fletcher,D,2019-01-03,TX
F000461,R,17,0.588,2021-01-03,Bill,True,Flores,F000461,,Bill Flores,R,2011-01-04,TX
F000449,R,1,0.301,2021-01-03,Jeff,True,Fortenberry,F000449,,Jeff Fortenberry,R,2005-01-04,NE
F000454,D,11,-0.226,2021-01-03,Bill,True,Foster,F000454,,Bill Foster,D,2008-03-08,IL
F000450,R,5,0.637,2021-01-03,Virginia,True,Foxx,F000450,,Virginia Foxx,R,2005-01-04,NC
F000462,D,21,-0.403,2021-01-03,Lois,True,Frankel,F000462,,Lois Frankel,D,2013-01-03,FL
F000455,D,11,-0.582,2021-01-03,Marcia,True,Fudge,F000455,L.,Marcia L. Fudge,D,2008-11-19,OH
F000469,R,1,,2021-01-03,Russ,True,Fulcher,F000469,,Russ Fulcher,R,2019-01-03,ID
G000571,D,2,-0.279,2021-01-03,Tulsi,True,Gabbard,G000571,,Tulsi Gabbard,D,2013-01-03,HI
G000578,R,1,0.684,2021-01-03,Matt,True,Gaetz,G000578,,Matt Gaetz,R,2017-01-03,FL
G000579,R,8,0.515,2021-01-03,Mike,True,Gallagher,G000579,,Mike Gallagher,R,2017-01-03,WI
G000574,D,7,-0.453,2021-01-03,Ruben,True,Gallego,G000574,,Ruben Gallego,D,2015-01-06,AZ
G000559,D,3,-0.309,2021-01-03,John,True,Garamendi,G000559,,John Garamendi,D,2009-11-05,CA
G000586,D,4,,2021-01-03,Jesús,True,García,G000586,,Jesús García,D,2019-01-03,IL
G000587,D,29,,2021-01-03,Sylvia,True,Garcia,G000587,,Sylvia Garcia,D,2019-01-03,TX
G000584,R,1,0.426,2021-01-03,Greg,True,Gianforte,G000584,,Greg Gianforte,R,2017-06-21,MT
G000563,R,7,0.463,2021-01-03,Bob,True,Gibbs,G000563,,Bob Gibbs,R,2011-01-04,OH
G000552,R,1,0.613,2021-01-03,Louie,True,Gohmert,G000552,,Louie Gohmert,R,2005-01-04,TX
G000592,D,2,,2021-01-03,Jared,True,Golden,G000592,,Jared Golden,D,2019-01-03,ME
G000585,D,34,-0.613,2021-01-03,Jimmy,True,Gomez,G000585,,Jimmy Gomez,D,2017-07-11,CA
G000588,R,16,,2021-01-03,Anthony,True,Gonzalez,G000588,,Anthony Gonzalez,R,2019-01-03,OH
G000581,D,15,-0.359,2021-01-03,Vicente,True,Gonzalez,G000581,,Vicente Gonzalez,D,2017-01-03,TX
G000589,R,5,,2021-01-03,Lance,True,Gooden,G000589,,Lance Gooden,R,2019-01-03,TX
G000565,R,4,0.645,2021-01-03,Paul,True,Gosar,G000565,,Paul Gosar,R,2011-01-04,AZ
G000583,D,5,-0.135,2021-01-03,Josh,True,Gottheimer,G000583,,Josh Gottheimer,D,2017-01-03,NJ
G000377,R,12,0.394,2021-01-03,Kay,True,Granger,G000377,,Kay Granger,R,1997-01-07,TX
G000560,R,14,0.733,2021-01-03,Tom,True,Graves,G000560,,Tom Graves,R,2010-06-14,GA
G000577,R,6,0.492,2021-01-03,Garret,True,Graves,G000577,,Garret Graves,R,2015-01-06,LA
G000546,R,6,0.432,2021-01-03,Sam,True,Graves,G000546,,Sam Graves,R,2001-01-03,MO
G000590,R,7,,2021-01-03,Mark,True,Green,G000590,,Mark Green,R,2019-01-03,TN
G000553,D,9,-0.438,2021-01-03,Al,True,Green,G000553,,Al Green,D,2005-01-04,TX
G000568,R,9,0.543,2021-01-03,Morgan,True,Griffith,G000568,,Morgan Griffith,R,2011-01-04,VA
G000551,D,3,-0.599,2021-01-03,Raúl,True,Grijalva,G000551,M.,Raúl M. Grijalva,D,2003-01-07,AZ
G000576,R,6,0.613,2021-01-03,Glenn,True,Grothman,G000576,,Glenn Grothman,R,2015-01-06,WI
G000591,R,3,,2021-01-03,Michael,True,Guest,G000591,,Michael Guest,R,2019-01-03,MS
G000558,R,2,0.413,2021-01-03,Brett,True,Guthrie,G000558,,Brett Guthrie,R,2009-01-06,KY
H001080,D,1,,2021-01-03,Debra,True,Haaland,H001080,,Debra Haaland,D,2019-01-03,NM
H001088,R,1,,2021-01-03,Jim,True,Hagedorn,H001088,,Jim Hagedorn,R,2019-01-03,MN
H001090,D,10,,2021-01-03,Josh,True,Harder,H001090,,Josh Harder,D,2019-01-03,CA
H001052,R,1,0.626,2021-01-03,Andy,True,Harris,H001052,,Andy Harris,R,2011-01-04,MD
H001053,R,4,0.491,2021-01-03,Vicky,True,Hartzler,H001053,,Vicky Hartzler,R,2011-01-04,MO
H000324,D,20,-0.564,2021-01-03,Alcee,True,Hastings,H000324,L.,Alcee L. Hastings,D,1993-01-05,FL
H001081,D,5,,2021-01-03,Jahana,True,Hayes,H001081,,Jahana Hayes,D,2019-01-03,CT
H001064,D,10,-0.313,2021-01-03,Denny,True,Heck,H001064,,Denny Heck,D,2013-01-03,WA
H001082,R,1,,2021-01-03,Kevin,True,Hern,H001082,,Kevin Hern,R,2018-11-13,OK
H001056,R,3,0.368,2021-01-03,Jaime,True,Herrera Beutler,H001056,,Jaime Herrera Beutler,R,2011-01-04,WA
H001071,R,10,0.743,2021-01-03,Jody,True,Hice,H001071,,Jody Hice,R,2015-01-06,GA
H001077,R,3,0.551,2021-01-03,Clay,True,Higgins,H001077,,Clay Higgins,R,2017-01-03,LA
H001038,D,26,-0.347,2021-01-03,Brian,True,Higgins,H001038,,Brian Higgins,D,2005-01-04,NY
H001072,R,2,0.473,2021-01-03,French,True,Hill,H001072,,French Hill,R,2015-01-06,AR
H001087,D,25,,2021-01-03,Katie,True,Hill,H001087,,Katie Hill,D,2019-01-03,CA
H001047,D,4,-0.241,2021-01-03,Jim,True,Himes,H001047,,Jim Himes,D,2009-01-06,CT
H001065,R,2,0.641,2021-01-03,George,True,Holding,H001065,,George Holding,R,2013-01-03,NC
H001074,R,9,0.454,2021-01-03,Trey,True,Hollingsworth,H001074,,Trey Hollingsworth,R,2017-01-03,IN
H001083,D,5,,2021-01-03,Kendra,True,Horn,H001083,,Kendra Horn,D,2019-01-03,OK
H001066,D,4,-0.348,2021-01-03,Steven,True,Horsford,H001066,,Steven Horsford,D,2013-01-03,NV
H001085,D,6,,2021-01-03,Chrissy,True,Houlahan,H001085,,Chrissy Houlahan,D,2019-01-03,PA
H000874,D,5,-0.38,2021-01-03,Steny,True,Hoyer,H000874,H.,Steny H. Hoyer,D,1983-01-03,MD
H001067,R,8,0.643,2021-01-03,Richard,True,Hudson,H001067,,Richard Hudson,R,2013-01-03,NC
H001068,D,2,-0.425,2021-01-03,Jared,True,Huffman,H001068,,Jared Huffman,D,2013-01-03,CA
H001058,R,2,0.625,2021-01-03,Bill,True,Huizenga,H001058,,Bill Huizenga,R,2011-01-04,MI
H001048,R,50,0.521,2021-01-03,Duncan,True,Hunter,H001048,D.,Duncan D. Hunter,R,2009-01-06,CA
H001073,R,23,0.319,2021-01-03,Will,True,Hurd,H001073,,Will Hurd,R,2015-01-06,TX
J000032,D,18,-0.459,2021-01-03,Sheila,True,Jackson Lee,J000032,,Sheila Jackson Lee,D,1995-01-03,TX
J000298,D,7,-0.705,2021-01-03,Pramila,True,Jayapal,J000298,,Pramila Jayapal,D,2017-01-03,WA
J000294,D,8,-0.487,2021-01-03,Hakeem,True,Jeffries,J000294,,Hakeem Jeffries,D,2013-01-03,NY
J000288,D,4,-0.469,2021-01-03,Hank,True,Johnson,J000288,,Hank Johnson,D,2007-01-03,GA
J000299,R,4,0.604,2021-01-03,Mike,True,Johnson,J000299,,Mike Johnson,R,2017-01-03,LA
J000292,R,6,0.427,2021-01-03,Bill,True,Johnson,J000292,,Bill Johnson,R,2011-01-04,OH
J000301,R,1,,2021-01-03,Dusty,True,Johnson,J000301,,Dusty Johnson,R,2019-01-03,SD
J000126,D,30,-0.486,2021-01-03,Eddie,True,Johnson,J000126,Bernice,Eddie Bernice Johnson,D,1993-01-05,TX
J000255,R,3,0.244,2019-02-10,Walter,False,Jones,J000255,B.,Walter B. Jones,R,1995-01-04,NC
J000289,R,4,0.712,2021-01-03,Jim,True,Jordan,J000289,,Jim Jordan,R,2007-01-04,OH
J000295,R,14,0.26,2021-01-03,Dave,True,Joyce,J000295,,Dave Joyce,R,2013-01-03,OH
J000302,R,13,,2021-01-03,John,True,Joyce,J000302,,John Joyce,R,2019-01-03,PA
K000009,D,9,-0.35,2021-01-03,Marcy,True,Kaptur,K000009,,Marcy Kaptur,D,1983-01-03,OH
K000386,R,24,0.205,2021-01-03,John,True,Katko,K000386,,John Katko,R,2015-01-06,NY
K000375,D,9,-0.329,2021-01-03,Bill,True,Keating,K000375,,Bill Keating,D,2011-01-04,MA
K000385,D,2,-0.462,2021-01-03,Robin,True,Kelly,K000385,,Robin Kelly,D,2013-04-11,IL
K000388,R,1,0.584,2021-01-03,Trent,True,Kelly,K000388,,Trent Kelly,R,2015-06-09,MS
K000376,R,16,0.329,2021-01-03,Mike,True,Kelly,K000376,,Mike Kelly,R,2011-01-04,PA
K000379,D,4,-0.422,2021-01-03,Joseph,True,Kennedy,K000379,P.,Joseph P. Kennedy III,D,2013-01-03,MA
K000389,D,17,-0.608,2021-01-03,Ro,True,Khanna,K000389,,Ro Khanna,D,2017-01-03,CA
K000380,D,5,-0.394,2021-01-03,Dan,True,Kildee,K000380,,Dan Kildee,D,2013-01-03,MI
K000381,D,6,-0.308,2021-01-03,Derek,True,Kilmer,K000381,,Derek Kilmer,D,2013-01-03,WA
K000394,D,3,,2021-01-03,Andy,True,Kim,K000394,,Andy Kim,D,2019-01-03,NJ
K000188,D,3,-0.262,2021-01-03,Ron,True,Kind,K000188,,Ron Kind,D,1997-01-07,WI
K000362,R,4,0.617,2021-01-03,Steve,True,King,K000362,,Steve King,R,2003-01-07,IA
K000210,R,2,0.261,2021-01-03,Peter,True,King,K000210,T.,Peter T. King,R,1993-01-05,NY
K000378,R,16,0.269,2021-01-03,Adam,True,Kinzinger,K000378,,Adam Kinzinger,R,2011-01-04,IL
K000368,D,2,-0.159,2021-01-03,Ann,True,Kirkpatrick,K000368,,Ann Kirkpatrick,D,2009-01-06,AZ
K000391,D,8,-0.31,2021-01-03,Raja,True,Krishnamoorthi,K000391,,Raja Krishnamoorthi,D,2017-01-03,IL
K000382,D,2,-0.253,2021-01-03,Ann,True,Kuster,K000382,McLane,Ann McLane Kuster,D,2013-01-03,NH
K000392,R,8,0.531,2021-01-03,David,True,Kustoff,K000392,,David Kustoff,R,2017-01-03,TN
L000585,R,18,0.458,2021-01-03,Darin,True,LaHood,L000585,M.,Darin M. LaHood,R,2015-09-17,IL
L000578,R,1,0.547,2021-01-03,Doug,True,LaMalfa,L000578,,Doug LaMalfa,R,2013-01-03,CA
L000588,D,17,-0.093,2021-01-03,Conor,True,Lamb,L000588,,Conor Lamb,D,2018-04-12,PA
L000564,R,5,0.686,2021-01-03,Doug,True,Lamborn,L000564,,Doug Lamborn,R,2007-01-04,CO
L000559,D,2,-0.376,2021-01-03,Jim,True,Langevin,L000559,,Jim Langevin,D,2001-01-03,RI
L000560,D,2,-0.364,2021-01-03,Rick,True,Larsen,L000560,,Rick Larsen,D,2001-01-03,WA
L000557,D,1,-0.398,2021-01-03,John,True,Larson,L000557,B.,John B. Larson,D,1999-01-06,CT
L000566,R,5,0.519,2021-01-03,Robert,True,Latta,L000566,E.,Robert E. Latta,R,2007-12-11,OH
L000581,D,14,-0.444,2021-01-03,Brenda,True,Lawrence,L000581,,Brenda Lawrence,D,2015-01-06,MI
L000586,D,5,-0.255,2021-01-03,Al,True,Lawson,L000586,,Al Lawson,D,2017-01-03,FL
L000551,D,13,-0.683,2021-01-03,Barbara,True,Lee,L000551,,Barbara Lee,D,1997-01-07,CA
L000590,D,3,,2021-01-03,Susie,True,Lee,L000590,,Susie Lee,D,2019-01-03,NV
L000589,R,8,0.643,2021-01-03,Debbie,True,Lesko,L000589,,Debbie Lesko,R,2018-05-07,AZ
L000593,D,49,,2021-01-03,Mike,True,Levin,L000593,,Mike Levin,D,2019-01-03,CA
L000592,D,9,,2021-01-03,Andy,True,Levin,L000592,,Andy Levin,D,2019-01-03,MI
L000287,D,5,-0.59,2021-01-03,John,True,Lewis,L000287,,John Lewis,D,1987-01-06,GA
L000582,D,33,-0.362,2021-01-03,Ted,True,Lieu,L000582,,Ted Lieu,D,2015-01-06,CA
L000563,D,3,-0.232,2021-01-03,Daniel,True,Lipinski,L000563,,Daniel Lipinski,D,2005-01-04,IL
L000565,D,2,-0.276,2021-01-03,Dave,True,Loebsack,L000565,,Dave Loebsack,D,2007-01-04,IA
L000397,D,19,-0.402,2021-01-03,Zoe,True,Lofgren,L000397,,Zoe Lofgren,D,1995-01-04,CA
L000576,R,7,0.545,2021-01-03,Billy,True,Long,L000576,,Billy Long,R,2011-01-04,MO
L000583,R,11,0.667,2021-01-03,Barry,True,Loudermilk,L000583,,Barry Loudermilk,R,2015-01-06,GA
L000579,D,47,-0.45,2021-01-03,Alan,True,Lowenthal,L000579,,Alan Lowenthal,D,2013-01-03,CA
L000480,D,17,-0.389,2021-01-03,Nita,True,Lowey,L000480,M.,Nita M. Lowey,D,1989-01-03,NY
L000491,R,3,0.364,2021-01-03,Frank,True,Lucas,L000491,D.,Frank D. Lucas,R,1993-01-05,OK
L000569,R,3,0.446,2021-01-03,Blaine,True,Luetkemeyer,L000569,,Blaine Luetkemeyer,R,2009-01-06,MO
L000570,D,3,-0.368,2021-01-03,Ben,True,Luján,L000570,Ray,Ben Ray Luján,D,2009-01-06,NM
L000591,D,2,,2021-01-03,Elaine,True,Luria,L000591,,Elaine Luria,D,2019-01-03,VA
L000562,D,8,-0.351,2021-01-03,Stephen,True,Lynch,L000562,F.,Stephen F. Lynch,D,2001-01-03,MA
M001203,D,7,,2021-01-03,Tom,True,Malinowski,M001203,,Tom Malinowski,D,2019-01-03,NJ
M000087,D,12,-0.387,2021-01-03,Carolyn,True,Maloney,M000087,B.,Carolyn B. Maloney,D,1993-01-05,NY
M001185,D,18,-0.237,2021-01-03,Sean,True,Maloney,M001185,Patrick,Sean Patrick Maloney,D,2013-01-03,NY
M001158,R,24,0.599,2021-01-03,Kenny,True,Marchant,M001158,,Kenny Marchant,R,2005-01-04,TX
M001179,R,12,0.352,2019-01-23,Tom,False,Marino,M001179,,Tom Marino,R,2011-01-04,PA
M001198,R,1,0.489,2021-01-03,Roger,True,Marshall,M001198,,Roger Marshall,R,2017-01-03,KS
M001184,R,4,0.669,2021-01-03,Thomas,True,Massie,M001184,,Thomas Massie,R,2012-11-13,KY
M001199,R,18,0.369,2021-01-03,Brian,True,Mast,M001199,,Brian Mast,R,2017-01-03,FL
M001163,D,6,-0.434,2021-01-03,Doris,True,Matsui,M001163,,Doris Matsui,D,2005-03-08,CA
M001209,D,4,,2021-01-03,Ben,True,McAdams,M001209,,Ben McAdams,D,2019-01-03,UT
M001208,D,6,,2021-01-03,Lucy,True,McBath,M001208,,Lucy McBath,D,2019-01-03,GA
M001165,R,23,0.463,2021-01-03,Kevin,True,McCarthy,M001165,,Kevin McCarthy,R,2007-01-04,CA
M001157,R,10,0.447,2021-01-03,Michael,True,McCaul,M001157,,Michael McCaul,R,2005-01-04,TX
M001177,R,4,0.743,2021-01-03,Tom,True,McClintock,M001177,,Tom McClintock,R,2009-01-06,CA
M001143,D,4,-0.417,2021-01-03,Betty,True,McCollum,M001143,,Betty McCollum,D,2001-01-03,MN
M001200,D,4,-0.394,2021-01-03,A.,True,McEachin,M001200,Donald,A. Donald McEachin,D,2017-01-03,VA
M000312,D,2,-0.539,2021-01-03,Jim,True,McGovern,M000312,,Jim McGovern,D,1997-01-07,MA
M001156,R,10,0.572,2021-01-03,Patrick,True,McHenry,M001156,T.,Patrick T. McHenry,R,2005-01-04,NC
M001180,R,1,0.293,2021-01-03,David,True,McKinley,M001180,,David McKinley,R,2011-01-04,WV
M001159,R,5,0.429,2021-01-03,Cathy,True,McMorris Rodgers,M001159,,Cathy McMorris Rodgers,R,2005-01-04,WA
M001166,D,9,-0.26,2021-01-03,Jerry,True,McNerney,M001166,,Jerry McNerney,D,2007-01-04,CA
M001187,R,11,0.624,2021-01-03,Mark,True,Meadows,M001187,,Mark Meadows,R,2013-01-03,NC
M001137,D,5,-0.413,2021-01-03,Gregory,True,Meeks,M001137,W.,Gregory W. Meeks,D,1997-01-07,NY
M001188,D,6,-0.378,2021-01-03,Grace,True,Meng,M001188,,Grace Meng,D,2013-01-03,NY
M001204,R,9,,2021-01-03,Daniel,True,Meuser,M001204,,Daniel Meuser,R,2019-01-03,PA
M001205,R,3,,2021-01-03,Carol,True,Miller,M001205,,Carol Miller,R,2019-01-03,WV
M001201,R,10,0.449,2021-01-03,Paul,True,Mitchell,M001201,,Paul Mitchell,R,2017-01-03,MI
M001194,R,4,0.397,2021-01-03,John,True,Moolenaar,M001194,,John Moolenaar,R,2015-01-06,MI
M001195,R,2,0.579,2021-01-03,Alex,True,Mooney,M001195,,Alex Mooney,R,2015-01-06,WV
M001160,D,4,-0.53,2021-01-03,Gwen,True,Moore,M001160,,Gwen Moore,D,2005-01-04,WI
M001206,D,25,,2021-01-03,Joe,True,Morelle,M001206,,Joe Morelle,D,2018-11-13,NY
M001196,D,6,-0.295,2021-01-03,Seth,True,Moulton,M001196,,Seth Moulton,D,2015-01-06,MA
M001207,D,26,,2021-01-03,Debbie,True,Mucarsel-Powell,M001207,,Debbie Mucarsel-Powell,D,2019-01-03,FL
M001190,R,2,0.503,2021-01-03,Markwayne,True,Mullin,M001190,,Markwayne Mullin,R,2013-01-03,OK
M001202,D,7,-0.156,2021-01-03,Stephanie,True,Murphy,M001202,,Stephanie Murphy,D,2017-01-03,FL
N000002,D,10,-0.509,2021-01-03,Jerrold,True,Nadler,N000002,,Jerrold Nadler,D,1993-01-05,NY
N000179,D,32,-0.448,2021-01-03,Grace,True,Napolitano,N000179,F.,Grace F. Napolitano,D,1999-01-06,CA
N000015,D,1,-0.417,2021-01-03,Richard,True,Neal,N000015,E.,Richard E. Neal,D,1989-01-03,MA
N000191,D,2,,2021-01-03,Joe,True,Neguse,N000191,,Joe Neguse,D,2019-01-03,CO
N000189,R,4,0.362,2021-01-03,Dan,True,Newhouse,N000189,,Dan Newhouse,R,2015-01-06,WA
N000188,D,1,-0.425,2021-01-03,Donald,True,Norcross,N000188,W.,Donald W. Norcross,D,2014-11-12,NJ
N000190,R,5,0.74,2021-01-03,Ralph,True,Norman,N000190,,Ralph Norman,R,2017-06-26,SC
N000181,R,22,0.448,2021-01-03,Devin,True,Nunes,N000181,,Devin Nunes,R,2003-01-07,CA
O000171,D,1,-0.173,2021-01-03,Tom,True,O'Halleran,O000171,,Tom O'Halleran,D,2017-01-03,AZ
O000172,D,14,,2021-01-03,Alexandria,True,Ocasio-Cortez,O000172,,Alexandria Ocasio-Cortez,D,2019-01-03,NY
O000168,R,22,0.541,2021-01-03,Pete,True,Olson,O000168,,Pete Olson,R,2009-01-06,TX
O000173,D,5,,2021-01-03,Ilhan,True,Omar,O000173,,Ilhan Omar,D,2019-01-03,MN
P000601,R,4,0.496,2021-01-03,Steven,True,Palazzo,P000601,,Steven Palazzo,R,2011-01-04,MS
P000034,D,6,-0.404,2021-01-03,Frank,True,Pallone,P000034,,Frank Pallone,D,1989-01-03,NJ
P000609,R,6,0.756,2021-01-03,Gary,True,Palmer,P000609,,Gary Palmer,R,2015-01-06,AL
P000613,D,20,-0.31,2021-01-03,Jimmy,True,Panetta,P000613,,Jimmy Panetta,D,2017-01-03,CA
P000614,D,1,,2021-01-03,Chris,True,Pappas,P000614,,Chris Pappas,D,2019-01-03,NH
P000096,D,9,-0.367,2021-01-03,Bill,True,Pascrell,P000096,,Bill Pascrell Jr.,D,1997-01-07,NJ
P000604,D,10,-0.518,2021-01-03,Donald,True,Payne,P000604,M.,Donald M. Payne Jr.,D,2012-11-15,NJ
P000197,D,12,-0.49,2021-01-03,Nancy,True,Pelosi,P000197,,Nancy Pelosi,D,1987-01-06,CA
P000615,R,6,,2021-01-03,Greg,True,Pence,P000615,,Greg Pence,R,2019-01-03,IN
P000593,D,7,-0.282,2021-01-03,Ed,True,Perlmutter,P000593,,Ed Perlmutter,D,2007-01-04,CO
P000605,R,10,0.659,2021-01-03,Scott,True,Perry,P000605,,Scott Perry,R,2013-01-03,PA
P000608,D,52,-0.177,2021-01-03,Scott,True,Peters,P000608,,Scott Peters,D,2013-01-03,CA
P000258,D,7,-0.148,2021-01-03,Collin,True,Peterson,P000258,C.,Collin C. Peterson,D,1991-01-03,MN
P000616,D,3,,2021-01-03,Dean,True,Phillips,P000616,,Dean Phillips,D,2019-01-03,MN
P000597,D,1,-0.421,2021-01-03,Chellie,True,Pingree,P000597,,Chellie Pingree,D,2009-01-06,ME
P000607,D,2,-0.545,2021-01-03,Mark,True,Pocan,P000607,,Mark Pocan,D,2013-01-03,WI
P000618,D,45,,2021-01-03,Katie,True,Porter,P000618,,Katie Porter,D,2019-01-03,CA
P000599,R,8,0.514,2021-01-03,Bill,True,Posey,P000599,,Bill Posey,R,2009-01-06,FL
P000617,D,7,,2021-01-03,Ayanna,True,Pressley,P000617,,Ayanna Pressley,D,2019-01-03,MA
P000523,D,4,-0.343,2021-01-03,David,True,Price,P000523,E.,David E. Price,D,1987-01-06,NC
Q000023,D,5,-0.32,2021-01-03,Mike,True,Quigley,Q000023,,Mike Quigley,D,2009-04-21,IL
R000606,D,8,-0.552,2021-01-03,Jamie,True,Raskin,R000606,,Jamie Raskin,D,2017-01-03,MD
R000601,R,4,0.735,2021-01-03,John,True,Ratcliffe,R000601,,John Ratcliffe,R,2015-01-06,TX
R000585,R,23,0.29,2021-01-03,Tom,True,Reed,R000585,,Tom Reed,R,2010-11-18,NY
R000610,R,14,,2021-01-03,Guy,True,Reschenthaler,R000610,,Guy Reschenthaler,R,2019-01-03,PA
R000602,D,4,-0.286,2021-01-03,Kathleen,True,Rice,R000602,,Kathleen Rice,D,2015-01-06,NY
R000597,R,7,0.578,2021-01-03,Tom,True,Rice,R000597,,Tom Rice,R,2013-01-03,SC
R000588,D,2,-0.479,2021-01-03,Cedric,True,Richmond,R000588,,Cedric Richmond,D,2011-01-04,LA
R000611,R,5,,2021-01-03,Denver,True,Riggleman,R000611,,Denver Riggleman,R,2019-01-03,VA
R000591,R,2,0.372,2021-01-03,Martha,True,Roby,R000591,,Martha Roby,R,2011-01-04,AL
R000582,R,1,0.493,2021-01-03,Phil,True,Roe,R000582,,Phil Roe,R,2009-01-06,TN
R000575,R,3,0.34,2021-01-03,Mike,True,Rogers,R000575,D.,Mike D. Rogers,R,2003-01-07,AL
R000395,R,5,0.334,2021-01-03,Harold,True,Rogers,R000395,,Harold Rogers,R,1983-01-03,KY
R000607,R,19,0.549,2021-01-03,Francis,True,Rooney,R000607,,Francis Rooney,R,2017-01-03,FL
R000613,D,11,,2021-01-03,Max,True,Rose,R000613,,Max Rose,D,2019-01-03,NY
R000612,R,6,,2021-01-03,John,True,Rose,R000612,,John Rose,R,2019-01-03,TN
R000616,D,48,,2021-01-03,Harley,True,Rouda,R000616,,Harley Rouda,D,2019-01-03,CA
R000603,R,7,0.596,2021-01-03,David,True,Rouzer,R000603,,David Rouzer,R,2015-01-06,NC
R000614,R,21,,2021-01-03,Chip,True,Roy,R000614,,Chip Roy,R,2019-01-03,TX
R000486,D,40,-0.471,2021-01-03,Lucille,True,Roybal-Allard,R000486,,Lucille Roybal-Allard,D,1993-01-05,CA
R000599,D,36,-0.239,2021-01-03,Raul,True,Ruiz,R000599,,Raul Ruiz,D,2013-01-03,CA
R000576,D,2,-0.295,2021-01-03,C.A. Dutch,True,Ruppersberger,R000576,,C.A. Dutch Ruppersberger,D,2003-01-07,MD
R000515,D,1,-0.479,2021-01-03,Bobby,True,Rush,R000515,L.,Bobby L. Rush,D,1993-01-05,IL
R000609,R,4,0.391,2021-01-03,John,True,Rutherford,R000609,,John Rutherford,R,2017-01-03,FL
R000577,D,13,-0.403,2021-01-03,Tim,True,Ryan,R000577,,Tim Ryan,D,2003-01-07,OH
S001156,D,38,-0.508,2021-01-03,Linda,True,Sánchez,S001156,T.,Linda T. Sánchez,D,2003-01-07,CA
S001168,D,3,-0.469,2021-01-03,John,True,Sarbanes,S001168,,John Sarbanes,D,2007-01-04,MD
S001176,R,1,0.561,2021-01-03,Steve,True,Scalise,S001176,,Steve Scalise,R,2008-05-07,LA
S001205,D,5,,2021-01-03,Mary,True,Scanlon,S001205,Gay,Mary Gay Scanlon,D,2018-11-13,PA
S001145,D,9,-0.607,2021-01-03,Jan,True,Schakowsky,S001145,,Jan Schakowsky,D,1999-01-06,IL
S001150,D,28,-0.348,2021-01-03,Adam,True,Schiff,S001150,B.,Adam B. Schiff,D,2001-01-03,CA
S001190,D,10,-0.165,2021-01-03,Brad,True,Schneider,S001190,,Brad Schneider,D,2013-01-03,IL
S001180,D,5,-0.192,2021-01-03,Kurt,True,Schrader,S001180,,Kurt Schrader,D,2009-01-06,OR
S001216,D,8,,2021-01-03,Kim,True,Schrier,S001216,,Kim Schrier,D,2019-01-03,WA
S001183,R,6,0.621,2021-01-03,David,True,Schweikert,S001183,,David Schweikert,R,2011-01-04,AZ
S000185,D,3,-0.451,2021-01-03,Robert,True,Scott,S000185,C.,Robert C. Scott,D,1993-01-05,VA
S001189,R,8,0.563,2021-01-03,Austin,True,Scott,S001189,,Austin Scott,R,2011-01-04,GA
S001157,D,13,-0.301,2021-01-03,David,True,Scott,S001157,,David Scott,D,2003-01-03,GA
S000244,R,5,0.643,2021-01-03,F.,True,Sensenbrenner,S000244,James,F. James Sensenbrenner,R,1983-01-03,WI
S000248,D,15,-0.491,2021-01-03,José,True,Serrano,S000248,E.,José E. Serrano,D,1989-01-03,NY
S001185,D,7,-0.391,2021-01-03,Terri,True,Sewell,S001185,,Terri Sewell,D,2011-01-04,AL
S001206,D,27,,2021-01-03,Donna,True,Shalala,S001206,,Donna Shalala,D,2019-01-03,FL
S000344,D,30,-0.342,2021-01-03,Brad,True,Sherman,S000344,,Brad Sherman,D,1997-01-07,CA
S001207,D,11,,2021-01-03,Mikie,True,Sherrill,S001207,,Mikie Sherrill,D,2019-01-03,NJ
S000364,R,15,0.371,2021-01-03,John,True,Shimkus,S000364,,John Shimkus,R,1997-01-07,IL
S001148,R,2,0.294,2021-01-03,Mike,True,Simpson,S001148,,Mike Simpson,R,1999-01-06,ID
S001165,D,8,-0.405,2021-01-03,Albio,True,Sires,S001165,,Albio Sires,D,2006-11-13,NJ
S001208,D,8,,2021-01-03,Elissa,True,Slotkin,S001208,,Elissa Slotkin,D,2019-01-03,MI
S001195,R,8,0.607,2021-01-03,Jason,True,Smith,S001195,,Jason Smith,R,2013-06-05,MO
S001172,R,3,0.509,2021-01-03,Adrian,True,Smith,S001172,,Adrian Smith,R,2007-01-04,NE
S000522,R,4,0.163,2021-01-03,Christopher,True,Smith,S000522,H.,Christopher H. Smith,R,1983-01-03,NJ
S000510,D,9,-0.284,2021-01-03,Adam,True,Smith,S000510,,Adam Smith,D,1997-01-07,WA
S001199,R,11,0.401,2021-01-03,Lloyd,True,Smucker,S001199,,Lloyd Smucker,R,2017-01-03,PA
S001200,D,9,-0.382,2021-01-03,Darren,True,Soto,S001200,,Darren Soto,D,2017-01-03,FL
S001209,D,7,,2021-01-03,Abigail,True,Spanberger,S001209,,Abigail Spanberger,D,2019-01-03,VA
S001210,R,15,,2021-01-03,Ross,True,Spano,S001210,,Ross Spano,R,2019-01-03,FL
S001175,D,14,-0.384,2021-01-03,Jackie,True,Speier,S001175,,Jackie Speier,D,2008-04-08,CA
S001211,D,9,,2021-01-03,Greg,True,Stanton,S001211,,Greg Stanton,D,2019-01-03,AZ
S001212,R,8,,2021-01-03,Pete,True,Stauber,S001212,,Pete Stauber,R,2019-01-03,MN
S001196,R,21,0.217,2021-01-03,Elise,True,Stefanik,S001196,,Elise Stefanik,R,2015-01-06,NY
S001213,R,1,,2021-01-03,Bryan,True,Steil,S001213,,Bryan Steil,R,2019-01-03,WI
S001214,R,17,,2021-01-03,Greg,True,Steube,S001214,,Greg Steube,R,2019-01-03,FL
S001215,D,11,,2021-01-03,Haley,True,Stevens,S001215,,Haley Stevens,D,2019-01-03,MI
S001192,R,2,0.522,2021-01-03,Chris,True,Stewart,S001192,,Chris Stewart,R,2013-01-03,UT
S001187,R,15,0.301,2021-01-03,Steve,True,Stivers,S001187,,Steve Stivers,R,2011-01-04,OH
S001201,D,3,-0.203,2021-01-03,Thomas,True,Suozzi,S001201,,Thomas Suozzi,D,2017-01-03,NY
S001193,D,15,-0.365,2021-01-03,Eric,True,Swalwell,S001193,,Eric Swalwell,D,2013-01-03,CA
T000472,D,41,-0.466,2021-01-03,Mark,True,Takano,T000472,,Mark Takano,D,2013-01-03,CA
T000479,R,3,,2021-01-03,Van,True,Taylor,T000479,,Van Taylor,R,2019-01-03,TX
T000460,D,5,-0.395,2021-01-03,Mike,True,Thompson,T000460,,Mike Thompson,D,1999-01-06,CA
T000193,D,2,-0.516,2021-01-03,Bennie,True,Thompson,T000193,,Bennie Thompson,D,1993-01-05,MS
T000467,R,15,0.31,2021-01-03,Glenn,True,Thompson,T000467,,Glenn Thompson,R,2009-01-06,PA
T000238,R,13,0.526,2021-01-03,William,True,Thornberry,T000238,M.,William M. Thornberry,R,1995-01-04,TX
T000480,R,4,,2021-01-03,William,True,Timmons,T000480,,William Timmons,R,2019-01-03,SC
T000470,R,3,0.453,2021-01-03,Scott,True,Tipton,T000470,,Scott Tipton,R,2011-01-04,CO
T000468,D,1,-0.301,2021-01-03,Dina,True,Titus,T000468,,Dina Titus,D,2009-01-06,NV
T000481,D,13,,2021-01-03,Rashida,True,Tlaib,T000481,,Rashida Tlaib,D,2019-01-03,MI
T000469,D,20,-0.422,2021-01-03,Paul,True,Tonko,T000469,,Paul Tonko,D,2009-01-06,NY
T000474,D,35,-0.359,2021-01-03,Norma,True,Torres,T000474,,Norma Torres,D,2015-01-06,CA
T000484,D,2,,2021-01-03,Xochitl,True,Torres Small,T000484,,Xochitl Torres Small,D,2019-01-03,NM
T000482,D,3,,2021-01-03,Lori,True,Trahan,T000482,,Lori Trahan,D,2019-01-03,MA
T000483,D,6,,2021-01-03,David,True,Trone,T000483,,David Trone,D,2019-01-03,MD
T000463,R,10,0.267,2021-01-03,Michael,True,Turner,T000463,R.,Michael R. Turner,R,2003-01-07,OH
U000040,D,14,,2021-01-03,Lauren,True,Underwood,U000040,,Lauren Underwood,D,2019-01-03,IL
U000031,R,6,0.338,2021-01-03,Fred,True,Upton,U000031,,Fred Upton,R,1987-01-06,MI
V000133,D,2,,2021-01-03,Jefferson,True,Van Drew,V000133,,Jefferson Van Drew,D,2019-01-03,NJ
V000130,D,51,-0.397,2021-01-03,Juan,True,Vargas,V000130,,Juan Vargas,D,2013-01-03,CA
V000131,D,33,-0.404,2021-01-03,Marc,True,Veasey,V000131,,Marc Veasey,D,2013-01-03,TX
V000132,D,34,-0.31,2021-01-03,Filemon,True,Vela,V000132,,Filemon Vela,D,2013-01-03,TX
V000081,D,7,-0.547,2021-01-03,Nydia,True,Velázquez,V000081,M.,Nydia M. Velázquez,D,1993-01-05,NY
V000108,D,1,-0.402,2021-01-03,Peter,True,Visclosky,V000108,J.,Peter J. Visclosky,D,1985-01-03,IN
W000812,R,2,0.464,2021-01-03,Ann,True,Wagner,W000812,,Ann Wagner,R,2013-01-03,MO
W000798,R,7,0.525,2021-01-03,Tim,True,Walberg,W000798,,Tim Walberg,R,2007-01-04,MI
W000791,R,2,0.336,2021-01-03,Greg,True,Walden,W000791,,Greg Walden,R,1999-01-06,OR
W000819,R,6,0.621,2021-01-03,Mark,True,Walker,W000819,,Mark Walker,R,2015-01-06,NC
W000813,R,2,0.442,2021-01-03,Jackie,True,Walorski,W000813,,Jackie Walorski,R,2013-01-03,IN
W000823,R,6,,2021-01-03,Michael,True,Waltz,W000823,,Michael Waltz,R,2019-01-03,FL
W000797,D,23,-0.422,2021-01-03,Debbie,True,Wasserman Schultz,W000797,,Debbie Wasserman Schultz,D,2005-01-04,FL
W000187,D,43,-0.654,2021-01-03,Maxine,True,Waters,W000187,,Maxine Waters,D,1991-01-03,CA
W000824,R,2,,2021-01-03,Steven,True,Watkins,W000824,,Steven Watkins,R,2019-01-03,KS
W000822,D,12,-0.632,2021-01-03,Bonnie,True,Watson Coleman,W000822,,Bonnie Watson Coleman,D,2015-01-06,NJ
W000814,R,14,0.711,2021-01-03,Randy,True,Weber,W000814,,Randy Weber,R,2013-01-03,TX
W000806,R,11,0.488,2021-01-03,Daniel,True,Webster,W000806,,Daniel Webster,R,2011-01-04,FL
W000800,D,1,-0.408,2021-01-03,Peter,True,Welch,W000800,,Peter Welch,D,2007-01-04,VT
W000815,R,2,0.576,2021-01-03,Brad,True,Wenstrup,W000815,,Brad Wenstrup,R,2013-01-03,OH
W000821,R,4,0.551,2021-01-03,Bruce,True,Westerman,W000821,,Bruce Westerman,R,2015-01-06,AR
W000825,D,10,,2021-01-03,Jennifer,True,Wexton,W000825,,Jennifer Wexton,D,2019-01-03,VA
W000826,D,7,,2021-01-03,Susan,True,Wild,W000826,,Susan Wild,D,2018-11-27,PA
W000816,R,25,0.605,2021-01-03,Roger,True,Williams,W000816,,Roger Williams,R,2013-01-03,TX
W000808,D,24,-0.474,2021-01-03,Frederica,True,Wilson,W000808,,Frederica Wilson,D,2011-01-04,FL
W000795,R,2,0.544,2021-01-03,Joe,True,Wilson,W000795,,Joe Wilson,R,2001-01-03,SC
W000804,R,1,0.425,2021-01-03,Robert,True,Wittman,W000804,J.,Robert J. Wittman,R,2007-12-11,VA
W000809,R,3,0.35,2021-01-03,Steve,True,Womack,W000809,,Steve Womack,R,2011-01-04,AR
W000810,R,7,0.632,2021-01-03,Rob,True,Woodall,W000810,,Rob Woodall,R,2011-01-04,GA
W000827,R,6,,2021-01-03,Ron,True,Wright,W000827,,Ron Wright,R,2019-01-03,TX
Y000062,D,3,-0.378,2021-01-03,John,True,Yarmuth,Y000062,,John Yarmuth,D,2007-01-04,KY
Y000065,R,3,0.704,2021-01-03,Ted,True,Yoho,Y000065,,Ted Yoho,R,2013-01-03,FL
Y000033,R,1,0.281,2021-01-03,Don,True,Young,Y000033,,Don Young,R,1983-01-03,AK
Z000017,R,1,0.372,2021-01-03,Lee,True,Zeldin,Z000017,,Lee Zeldin,R,2015-01-06,NY
G000582,R,80,,2021-01-03,Jenniffer,True,González-Colón,G000582,,Jenniffer González-Colón,R,2017-01-03,PR
N000147,D,79,,2021-01-03,Eleanor,True,Norton,N000147,Holmes,Eleanor Holmes Norton,D,1991-01-03,DC
P000610,D,79,,2021-01-03,Stacey,True,Plaskett,P000610,,Stacey Plaskett,D,2015-01-06,VI
R000600,R,79,,2021-01-03,Amata,True,Radewagen,R000600,Coleman,Amata Coleman Radewagen,R,2015-01-06,AS
S001177,I,79,,2021-01-03,Gregorio,True,Sablan,S001177,Kilili Camacho,Gregorio Kilili Camacho Sablan,D,2009-01-06,MP
S001204,D,79,,2021-01-03,Michael,True,San Nicolas,S001204,,Michael San Nicolas,D,2019-01-03,GU
K000395,R,12,,2021-01-03,Fred,True,Keller,K000395,,Fred Keller,R,2019-06-03,PA
B001269,R,11,0.278,2019-01-03,Lou,False,Barletta,B001269,,Lou Barletta,R,2011-01-04,PA
B000213,R,6,0.528,2019-01-03,Joe,False,Barton,B000213,L.,Joe L. Barton,R,1985-01-03,TX
B001293,R,8,0.451,2019-01-03,Mike,False,Bishop,B001293,,Mike Bishop,R,2015-01-06,MI
B001273,R,6,0.58,2019-01-03,Diane,False,Black,B001273,,Diane Black,R,2011-01-04,TN
B001243,R,7,0.615,2019-01-03,Marsha,True,Blackburn,B001243,,Marsha Blackburn,R,2003-01-07,TN
B001294,R,1,0.527,2019-01-03,Rod,False,Blum,B001294,,Rod Blum,R,2015-01-06,IA
B001227,D,1,-0.484,2019-01-03,Robert,False,Brady,B001227,A.,Robert A. Brady,D,1997-01-07,PA
B001290,R,7,0.829,2019-01-03,David,False,Brat,B001290,A.,David A. Brat,R,2014-11-12,VA
B001283,R,1,0.689,2018-04-23,Jim,False,Bridenstine,B001283,,Jim Bridenstine,R,2013-01-03,OK
C001037,D,7,-0.58,2019-01-03,Michael,False,Capuano,C001037,E.,Michael E. Capuano,D,1999-01-06,MA
C001077,R,6,0.492,2019-01-03,Mike,False,Coffman,C001077,,Mike Coffman,R,2009-01-06,CO
C001105,R,10,0.276,2019-01-03,Barbara,False,Comstock,C001105,,Barbara Comstock,R,2015-01-06,VA
C001106,R,6,0.217,2019-01-03,Ryan,False,Costello,C001106,,Ryan Costello,R,2015-01-06,PA
C001096,R,1,0.391,2019-01-03,Kevin,True,Cramer,C001096,,Kevin Cramer,R,2013-01-03,ND
C001038,D,14,-0.412,2019-01-03,Joseph,False,Crowley,C001038,,Joseph Crowley,D,1999-01-06,NY
C001048,R,7,0.503,2019-01-03,John,False,Culberson,C001048,,John Culberson,R,2001-01-03,TX
C001107,R,26,0.211,2019-01-03,Carlos,False,Curbelo,C001107,,Carlos Curbelo,R,2015-01-06,FL
D000620,D,6,-0.276,2019-01-03,John,False,Delaney,D000620,,John Delaney,D,2013-01-03,MD
D000612,R,10,0.306,2019-01-03,Jeffrey,False,Denham,D000612,,Jeffrey Denham,R,2011-01-04,CA
D000604,R,15,0.244,2018-05-12,Charlie,False,Dent,D000604,,Charlie Dent,R,2005-01-04,PA
D000621,R,6,0.663,2018-09-10,Ron,False,DeSantis,D000621,,Ron DeSantis,R,2013-01-03,FL
D000625,R,11,0.227,2019-01-03,Daniel,False,Donovan,D000625,M.,Daniel M. Donovan,R,2015-05-12,NY
D000533,R,2,0.604,2019-01-03,John,False,Duncan,D000533,J.,John J. Duncan Jr.,R,1989-01-03,TN
E000288,D,5,-0.537,2019-01-03,Keith,False,Ellison,E000288,,Keith Ellison,D,2007-01-04,MN
E000293,D,5,-0.315,2019-01-03,Elizabeth,False,Esty,E000293,,Elizabeth Esty,D,2013-01-03,CT
F000460,R,27,0.548,2018-04-06,Blake,False,Farenthold,F000460,,Blake Farenthold,R,2011-01-04,TX
F000464,R,19,0.234,2019-01-03,John,False,Faso,F000464,,John Faso,R,2017-01-03,NY
F000372,R,11,0.292,2019-01-03,Rodney,False,Frelinghuysen,F000372,,Rodney Frelinghuysen,R,1995-01-04,NJ
G000580,R,5,0.931,2019-01-03,Thomas,False,Garrett,G000580,,Thomas Garrett,R,2017-01-03,VA
G000289,R,6,0.496,2019-01-03,Robert,False,Goodlatte,G000289,W.,Robert W. Goodlatte,R,1993-01-05,VA
G000566,R,4,0.655,2019-01-03,Trey,False,Gowdy,G000566,,Trey Gowdy,R,2011-01-04,SC
G000410,D,29,-0.324,2019-01-03,Gene,False,Green,G000410,,Gene Green,D,1993-01-05,TX
G000535,D,4,-0.487,2019-01-03,Luis,False,Gutiérrez,G000535,V.,Luis V. Gutiérrez,D,1993-01-05,IL
H001050,D,1,-0.37,2019-01-03,Colleen,False,Hanabusa,H001050,,Colleen Hanabusa,D,2011-01-04,HI
H001078,R,6,0.493,2019-01-03,Karen,False,Handel,H001078,,Karen Handel,R,2017-06-26,GA
H001045,R,3,0.384,2019-01-03,Gregg,False,Harper,H001045,,Gregg Harper,R,2009-01-06,MS
H001036,R,5,0.703,2019-01-03,Jeb,False,Hensarling,H001036,,Jeb Hensarling,R,2003-01-07,TX
H001059,R,14,0.49,2019-01-03,Randy,False,Hultgren,H001059,,Randy Hultgren,R,2011-01-04,IL
I000056,R,49,0.506,2019-01-03,Darrell,False,Issa,I000056,,Darrell Issa,R,2001-01-03,CA
J000290,R,2,0.523,2019-01-03,Lynn,False,Jenkins,J000290,,Lynn Jenkins,R,2009-01-06,KS
J000297,R,3,0.315,2018-09-30,Evan,False,Jenkins,J000297,,Evan Jenkins,R,2015-01-06,WV
J000174,R,3,0.61,2019-01-03,Sam,False,Johnson,J000174,,Sam Johnson,R,1991-01-03,TX
K000390,D,4,-0.397,2019-01-03,Ruben,False,Kihuen,K000390,,Ruben Kihuen,D,2017-01-03,NV
K000387,R,25,0.397,2019-01-03,Steve,False,Knight,K000387,,Steve Knight,R,2015-01-06,CA
L000573,R,1,0.735,2019-01-03,Raúl,False,Labrador,L000573,,Raúl Labrador,R,2011-01-04,ID
L000567,R,7,0.329,2019-01-03,Leonard,False,Lance,L000567,,Leonard Lance,R,2009-01-06,NJ
L000263,D,9,-0.379,2019-01-03,Sander,False,Levin,L000263,M.,Sander M. Levin,D,1983-01-03,MI
L000587,R,2,0.506,2019-01-03,Jason,False,Lewis,L000587,,Jason Lewis,R,2017-01-03,MN
L000554,R,2,0.211,2019-01-03,Frank,False,LoBiondo,L000554,A.,Frank A. LoBiondo,R,1995-01-04,NJ
L000584,R,4,0.542,2019-01-03,Mia,False,Love,L000584,,Mia Love,R,2015-01-06,UT
L000580,D,1,-0.313,2018-12-31,Michelle,False,Lujan Grisham,L000580,,Michelle Lujan Grisham,D,2013-01-03,NM
M001193,R,3,0.206,2019-01-03,Tom,False,MacArthur,M001193,,Tom MacArthur,R,2015-01-06,NJ
M001197,R,2,0.346,2019-01-03,Martha,True,McSally,M001197,,Martha McSally,R,2015-01-06,AZ
M001181,R,7,0.22,2018-04-27,Pat,False,Meehan,M001181,,Pat Meehan,R,2011-01-04,PA
M001189,R,6,0.563,2019-01-03,Luke,False,Messer,M001189,,Luke Messer,R,2013-01-03,IN
N000184,R,1,0.398,2019-01-03,Kristi,False,Noem,N000184,,Kristi Noem,R,2011-01-04,SD
N000127,D,8,-0.372,2019-01-03,Rick,False,Nolan,N000127,,Rick Nolan,D,2013-01-03,MN
O000170,D,16,-0.304,2019-01-03,Beto,False,O'Rourke,O000170,,Beto O'Rourke,D,2013-01-03,TX
P000594,R,3,0.402,2019-01-03,Erik,False,Paulsen,P000594,,Erik Paulsen,R,2009-01-06,MN
P000588,R,2,0.472,2019-01-03,Steve,False,Pearce,P000588,,Steve Pearce,R,2003-01-07,NM
P000606,R,9,0.561,2019-01-03,Robert,False,Pittenger,P000606,,Robert Pittenger,R,2013-01-03,NC
P000592,R,2,0.594,2019-01-03,Ted,False,Poe,P000592,,Ted Poe,R,2005-01-04,TX
P000611,R,2,0.36,2019-01-03,Bruce,False,Poliquin,P000611,,Bruce Poliquin,R,2015-01-06,ME
P000598,D,2,-0.278,2019-01-03,Jared,False,Polis,P000598,,Jared Polis,D,2009-01-06,CO
R000578,R,8,0.224,2019-01-03,Dave,False,Reichert,R000578,,Dave Reichert,R,2005-01-04,WA
R000586,R,16,0.387,2019-01-03,Jim,False,Renacci,R000586,,Jim Renacci,R,2011-01-04,OH
R000409,R,48,0.626,2019-01-03,Dana,False,Rohrabacher,R000409,,Dana Rohrabacher,R,1989-01-03,CA
R000592,R,4,0.602,2019-01-03,Todd,False,Rokita,R000592,,Todd Rokita,R,2011-01-04,IN
R000583,R,17,0.458,2019-01-03,Tom,False,Rooney,R000583,,Tom Rooney,R,2009-01-06,FL
R000435,R,27,0.244,2019-01-03,Ileana,False,Ros-Lehtinen,R000435,,Ileana Ros-Lehtinen,R,1989-01-03,FL
R000608,D,3,-0.244,2019-01-03,Jacky,True,Rosen,R000608,,Jacky Rosen,D,2017-01-03,NV
R000580,R,6,0.429,2019-01-03,Peter,False,Roskam,R000580,,Peter Roskam,R,2007-01-04,IL
R000593,R,15,0.531,2019-01-03,Dennis,False,Ross,R000593,,Dennis Ross,R,2011-01-04,FL
R000598,R,12,0.498,2019-01-03,Keith,False,Rothfus,R000598,,Keith Rothfus,R,2013-01-03,PA
R000487,R,39,0.657,2019-01-03,Edward,False,Royce,R000487,,Edward Royce,R,1993-01-05,CA
R000604,R,5,0.473,2019-01-03,Steve,False,Russell,R000604,,Steve Russell,R,2015-01-06,OK
S000051,R,1,0.686,2019-01-03,Mark,False,Sanford,S000051,,Mark Sanford,R,1995-01-04,SC
S000250,R,32,0.585,2019-01-03,Pete,False,Sessions,S000250,,Pete Sessions,R,1997-01-07,TX
S001170,D,1,-0.315,2019-01-03,Carol,False,Shea-Porter,S001170,,Carol Shea-Porter,D,2007-01-04,NH
S001154,R,9,0.374,2019-01-03,Bill,False,Shuster,S001154,,Bill Shuster,R,2001-05-15,PA
S001191,D,9,-0.107,2019-01-03,Kyrsten,True,Sinema,S001191,,Kyrsten Sinema,D,2013-01-03,AZ
S000480,D,25,-0.465,2018-03-16,Louise,False,Slaughter,S000480,M.,Louise M. Slaughter,D,1987-01-06,NY
S000583,R,21,0.425,2019-01-03,Lamar,False,Smith,S000583,,Lamar Smith,R,1987-01-06,TX
T000477,R,2,0.456,2019-01-03,Scott,False,Taylor,T000477,,Scott Taylor,R,2017-01-03,VA
T000478,R,22,0.275,2019-01-03,Claudia,False,Tenney,T000478,,Claudia Tenney,R,2017-01-03,NY
T000462,R,12,0.386,2018-01-15,Pat,False,Tiberi,T000462,,Pat Tiberi,R,2001-01-03,OH
T000475,R,11,0.369,2019-01-03,Dave,False,Trott,T000475,,Dave Trott,R,2015-01-06,MI
T000465,D,3,-0.396,2019-01-03,Niki,False,Tsongas,T000465,,Niki Tsongas,D,2007-01-04,MA
V000129,R,21,0.253,2019-01-03,David,False,Valadao,V000129,,David Valadao,R,2013-01-03,CA
W000820,R,45,0.433,2019-01-03,Mimi,False,Walters,W000820,,Mimi Walters,R,2015-01-06,CA
W000799,D,1,-0.275,2019-01-03,Tim,False,Walz,W000799,,Tim Walz,D,2007-01-04,MN
Y000063,R,3,0.558,2019-01-03,Kevin,False,Yoder,Y000063,,Kevin Yoder,R,2011-01-04,KS
Y000066,R,3,0.442,2019-01-03,David,False,Young,Y000066,,David Young,R,2015-01-06,IA
R000570,R,1,0.556,2019-01-03,Paul,False,Ryan,R000570,D.,Paul D. Ryan,R,1999-01-06,WI
J000303,D,13,,2019-01-03,Brenda,False,Jones,J000303,,Brenda Jones,D,2018-11-29,MI
B000287,D,34,-0.512,2017-01-24,Xavier,False,Becerra,B000287,,Xavier Becerra,D,1993-01-05,CA
C001076,R,3,0.647,2017-06-30,Jason,False,Chaffetz,C001076,,Jason Chaffetz,R,2009-01-06,UT
C000714,D,13,-0.658,2017-12-05,John,False,Conyers,C000714,,John Conyers Jr.,D,1983-01-03,MI
F000448,R,8,0.749,2017-12-08,Trent,False,Franks,F000448,,Trent Franks,R,2003-01-07,AZ
M001182,R,5,0.75,2017-02-16,Mick,False,Mulvaney,M001182,,Mick Mulvaney,R,2011-01-04,SC
M001151,R,18,0.258,2017-10-21,Tim,False,Murphy,M001151,,Tim Murphy,R,2003-01-07,PA
P000602,R,4,0.66,2017-01-23,Mike,False,Pompeo,P000602,,Mike Pompeo,R,2011-01-04,KS
P000591,R,6,0.644,2017-02-10,Tom,False,Price,P000591,,Tom Price,R,2005-01-04,GA
Z000018,R,1,0.412,2017-03-01,Ryan,False,Zinke,Z000018,,Ryan Zinke,R,2015-01-06,MT
S001203,D,99,-0.346,,Tina,True,Smith,S001203,,Tina Smith,D,,MN
A000373,D,2,-0.185,2017-01-03,Brad,False,Ashford,A000373,,Brad Ashford,D,2015-01-06,NE
B001271,R,1,0.491,2017-01-03,Dan,False,Benishek,B001271,,Dan Benishek,R,2011-01-04,MI
B001255,R,3,0.392,2017-01-03,Charles,False,Boustany,B001255,,Charles Boustany Jr.,R,2005-01-04,LA
B000911,D,5,-0.429,2017-01-03,Corrine,False,Brown,B000911,,Corrine Brown,D,1993-01-05,FL
C001036,D,24,-0.389,2017-01-03,Lois,False,Capps,C001036,,Lois Capps,D,1997-01-07,CA
C001083,D,1,-0.256,2017-01-03,John,False,Carney,C001083,,John Carney,D,2011-01-04,DE
C001102,R,19,,2017-01-03,Curt,False,Clawson,C001102,,Curt Clawson,R,2014-06-24,FL
C001045,R,4,0.333,2017-01-03,Ander,False,Crenshaw,C001045,,Ander Crenshaw,R,2001-01-03,FL
D000613,R,10,0.176,2017-01-03,Robert,False,Dold,D000613,,Robert Dold,R,2011-01-04,IL
D000622,D,8,-0.315,2017-01-03,Tammy,True,Duckworth,D000622,,Tammy Duckworth,D,2013-01-03,IL
E000290,D,4,-0.562,2017-01-03,Donna,False,Edwards,E000290,,Donna Edwards,D,2008-06-17,MD
E000291,R,2,0.406,2017-01-03,Renee,False,Ellmers,E000291,,Renee Ellmers,R,2011-01-04,NC
F000030,D,20,-0.455,2017-01-03,Sam,False,Farr,F000030,,Sam Farr,D,1993-01-05,CA
F000043,D,2,-0.472,2016-06-23,Chaka,False,Fattah,F000043,,Chaka Fattah,D,1995-01-04,PA
F000458,R,8,0.526,2017-01-03,Stephen,False,Fincher,F000458,,Stephen Fincher,R,2011-01-04,TN
F000451,R,8,0.202,2017-01-03,Michael,False,Fitzpatrick,F000451,G.,Michael G. Fitzpatrick,R,2005-01-04,PA
F000456,R,4,0.59,2017-01-03,John,False,Fleming,F000456,,John Fleming,R,2009-01-06,LA
F000445,R,4,0.407,2017-01-03,J.,False,Forbes,F000445,Randy,J. Randy Forbes,R,2001-01-03,VA
G000548,R,5,0.688,2017-01-03,Scott,False,Garrett,G000548,,Scott Garrett,R,2003-01-07,NJ
G000564,R,19,0.203,2017-01-03,Chris,False,Gibson,G000564,,Chris Gibson,R,2011-01-04,NY
G000575,D,2,-0.233,2017-01-03,Gwen,False,Graham,G000575,,Gwen Graham,D,2015-01-06,FL
G000556,D,9,-0.363,2017-01-03,Alan,False,Grayson,G000556,,Alan Grayson,D,2009-01-06,FL
G000570,R,1,0.427,2017-01-03,Frank,False,Guinta,G000570,,Frank Guinta,R,2011-01-04,NH
H001063,D,44,-0.39,2016-12-04,Janice,False,Hahn,H001063,,Janice Hahn,D,2011-07-19,CA
H001051,R,22,0.215,2017-01-03,Richard,False,Hanna,H001051,,Richard Hanna,R,2011-01-04,NY
H001070,R,4,0.353,2017-01-03,Cresent,False,Hardy,H001070,,Cresent Hardy,R,2015-01-06,NV
H001055,R,3,0.324,2017-01-03,Joe,False,Heck,H001055,,Joe Heck,R,2011-01-04,NV
H000636,D,15,-0.34,2017-01-03,Rubén,False,Hinojosa,H000636,,Rubén Hinojosa,D,1997-01-07,TX
H001034,D,17,-0.529,2017-01-03,Michael,False,Honda,H001034,M.,Michael M. Honda,D,2001-01-03,CA
H001057,R,1,0.744,2017-01-03,Tim,False,Huelskamp,H001057,,Tim Huelskamp,R,2011-01-04,KS
H001060,R,5,0.568,2017-01-03,Robert,False,Hurt,H001060,,Robert Hurt,R,2011-01-04,VA
I000057,D,3,-0.334,2017-01-03,Steve,False,Israel,I000057,,Steve Israel,D,2001-01-03,NY
J000296,R,13,0.23,2017-01-03,David,False,Jolly,J000296,W.,David W. Jolly,R,2014-03-13,FL
K000363,R,2,0.49,2017-01-03,John,False,Kline,K000363,,John Kline,R,2003-01-07,MN
L000571,R,1,0.675,2017-01-03,Cynthia,False,Lummis,L000571,M.,Cynthia M. Lummis,R,2009-01-06,WY
M000404,D,7,-0.666,2017-01-03,Jim,False,McDermott,M000404,,Jim McDermott,D,1989-01-03,WA
M000689,R,7,0.453,2017-01-03,John,False,Mica,M000689,L.,John L. Mica,R,1993-01-05,FL
M001144,R,1,0.633,2017-01-03,Jeff,False,Miller,M001144,,Jeff Miller,R,2001-01-03,FL
M001150,R,10,0.343,2016-12-31,Candice,False,Miller,M001150,S.,Candice S. Miller,R,2003-01-07,MI
M001191,D,18,-0.186,2017-01-03,Patrick,False,Murphy,M001191,,Patrick Murphy,D,2013-01-03,FL
N000182,R,19,0.628,2017-01-03,Randy,False,Neugebauer,N000182,,Randy Neugebauer,R,2003-01-07,TX
N000185,R,11,0.483,2017-01-03,Richard,False,Nugent,N000185,,Richard Nugent,R,2011-01-05,FL
P000373,R,16,0.538,2017-01-03,Joe,False,Pitts,P000373,,Joe Pitts,R,1997-01-07,PA
R000053,D,13,-0.514,2017-01-03,Charles,False,Rangel,R000053,B.,Charles B. Rangel,D,1983-01-03,NY
R000587,R,8,0.603,2017-01-03,Reid,False,Ribble,R000587,,Reid Ribble,R,2011-01-04,WI
R000589,R,2,0.405,2017-01-03,Scott,False,Rigell,R000589,,Scott Rigell,R,2011-01-04,VA
S000018,R,5,0.673,2017-01-03,Matt,False,Salmon,S000018,,Matt Salmon,R,1995-01-04,AZ
S000030,D,46,-0.367,2017-01-03,Loretta,False,Sánchez,S000030,,Loretta Sánchez,D,1997-01-07,CA
S001188,R,3,0.742,2017-01-03,Marlin,False,Stutzman,S001188,,Marlin Stutzman,R,2010-11-16,IN
T000473,D,1,-0.363,2016-07-20,Mark,False,Takai,T000473,,Mark Takai,D,2015-01-06,HI
V000128,D,8,-0.395,2017-01-03,Chris,True,Van Hollen,V000128,,Chris Van Hollen,D,2003-01-07,MD
W000796,R,3,0.672,2017-01-03,Lynn,False,Westmoreland,W000796,,Lynn Westmoreland,R,2005-01-04,GA
W000413,R,1,0.303,2016-09-06,Edward,False,Whitfield,W000413,,Edward Whitfield,R,1995-01-04,KY
Y000064,R,9,0.486,2017-01-03,Todd,True,Young,Y000064,,Todd Young,R,2011-01-04,IN
B000589,R,8,,2015-10-31,John,False,Boehner,B000589,A.,John A. Boehner,R,1991-01-03,OH
N000186,R,1,0.488,2015-02-06,Alan,False,Nunnelee,N000186,,Alan Nunnelee,R,2011-01-04,MS
S001179,R,18,0.311,2015-03-31,Aaron,False,Schock,S001179,,Aaron Schock,R,2009-01-06,IL
A000210,D,1,-0.297,2014-02-18,Robert,False,Andrews,A000210,E.,Robert E. Andrews,D,1991-01-03,NJ
B001256,R,6,0.584,2015-01-03,Michele,False,Bachmann,B001256,,Michele Bachmann,R,2007-01-04,MN
B000013,R,6,0.387,2015-01-02,Spencer,False,Bachus,B000013,,Spencer Bachus,R,1993-01-05,AL
B001279,D,2,-0.123,2015-01-03,Ron,False,Barber,B001279,,Ron Barber,D,2012-06-19,AZ
B001252,D,12,-0.119,2015-01-02,John,False,Barrow,B001252,,John Barrow,D,2005-01-04,GA
B001280,R,11,0.723,2015-01-03,Kerry,False,Bentivolio,B001280,,Kerry Bentivolio,R,2013-01-03,MI
B001242,D,1,-0.338,2015-01-02,Timothy,False,Bishop,B001242,H.,Timothy H. Bishop,D,2003-01-07,NY
B001259,D,1,-0.31,2015-01-02,Bruce,False,Braley,B001259,,Bruce Braley,D,2007-01-04,IA
B001262,R,10,0.913,2015-01-02,Paul,False,Broun,B001262,,Paul Broun,R,2007-01-04,GA
C000071,R,4,0.385,2015-01-03,Dave,False,Camp,C000071,,Dave Camp,R,1991-01-03,MI
C001064,R,45,0.748,2015-01-03,John,False,Campbell,C001064,,John Campbell,R,2005-01-04,CA
C001046,R,7,0.518,2014-08-18,Eric,False,Cantor,C001046,,Eric Cantor,R,2001-01-03,VA
C001047,R,2,0.26,2015-01-02,Shelley,True,Capito,C001047,Moore,Shelley Moore Capito,R,2001-01-03,WV
C001075,R,6,0.452,2015-01-02,Bill,True,Cassidy,C001075,,Bill Cassidy,R,2009-01-06,LA
C000556,R,6,0.52,2015-01-02,Howard,False,Coble,C000556,,Howard Coble,R,1985-01-03,NC
C001095,R,4,0.611,2015-01-03,Tom,True,Cotton,C001095,,Tom Cotton,R,2013-01-03,AR
D000618,R,1,0.543,2015-01-03,Steve,True,Daines,D000618,,Steve Daines,R,2013-01-03,MT
D000355,D,12,-0.448,2015-01-02,John,False,Dingell,D000355,D.,John D. Dingell,D,1983-01-03,MI
E000292,D,12,-0.251,2015-01-03,Bill,False,Enyart,E000292,,Bill Enyart,D,2013-01-03,IL
G000572,D,23,-0.216,2015-01-03,Pete,False,Gallego,G000572,,Pete Gallego,D,2013-01-03,TX
G000573,D,26,-0.204,2015-01-03,Joe,False,Garcia,G000573,,Joe Garcia,D,2013-01-03,FL
G000562,R,4,0.456,2015-01-03,Cory,True,Gardner,G000562,,Cory Gardner,R,2011-01-04,CO
G000549,R,6,0.221,2015-01-02,Jim,False,Gerlach,G000549,,Jim Gerlach,R,2003-01-07,PA
G000550,R,11,0.561,2015-01-02,Phil,False,Gingrey,G000550,,Phil Gingrey,R,2003-01-07,GA
G000567,R,2,0.41,2015-01-03,Tim,False,Griffin,G000567,,Tim Griffin,R,2011-01-04,AR
G000569,R,11,0.219,2015-01-05,Mike,False,Grimm,G000569,,Mike Grimm,R,2011-01-04,NY
H000067,R,4,0.424,2015-01-03,Ralph,False,Hall,H000067,M.,Ralph M. Hall,R,1983-01-03,TX
H000329,R,4,0.416,2015-01-03,Doc,False,Hastings,H000329,,Doc Hastings,R,1995-01-04,WA
H001032,D,12,-0.463,2015-01-03,Rush,False,Holt,H001032,,Rush Holt,D,1999-01-06,NJ
K000220,R,1,0.54,2015-01-02,Jack,False,Kingston,K000220,,Jack Kingston,R,1993-01-05,GA
L000575,R,5,0.572,2015-01-03,James,True,Lankford,L000575,,James Lankford,R,2011-01-04,OK
L000111,R,3,0.302,2015-01-03,Tom,False,Latham,L000111,,Tom Latham,R,1995-01-04,IA
M001171,D,24,-0.19,2015-01-03,Dan,False,Maffei,M001171,,Dan Maffei,D,2009-01-06,NY
M001142,D,4,-0.115,2015-01-02,Jim,False,Matheson,M001142,,Jim Matheson,D,2001-01-03,UT
M001192,R,5,0.393,2015-01-03,Vance,False,McAllister,M001192,,Vance McAllister,R,2013-11-21,LA
M000309,D,4,-0.294,2015-01-03,Carolyn,False,McCarthy,M000309,,Carolyn McCarthy,D,1997-01-07,NY
M000485,D,7,-0.148,2015-01-03,Mike,False,McIntyre,M000485,,Mike McIntyre,D,1997-01-07,NC
M000508,R,25,0.396,2015-01-03,Howard,False,McKeon,M000508,P.,Howard P. McKeon,R,1993-01-05,CA
M001149,D,2,-0.283,2015-01-02,Michael,False,Michaud,M001149,H.,Michael H. Michaud,D,2003-01-07,ME
M001139,R,31,0.478,2015-01-02,Gary,False,Miller,M001139,G.,Gary G. Miller,R,1999-01-06,CA
M000725,D,11,-0.552,2015-01-03,George,False,Miller,M000725,,George Miller,D,1983-01-03,CA
M000933,D,8,-0.302,2015-01-03,James,False,Moran,M000933,P.,James P. Moran,D,1991-01-03,VA
N000187,D,35,-0.437,2015-01-03,Gloria,False,Negrete McLeod,N000187,,Gloria Negrete McLeod,D,2013-01-03,CA
O000169,D,21,-0.182,2015-01-03,Bill,False,Owens,O000169,,Bill Owens,D,2009-11-06,NY
P000099,D,7,-0.421,2015-01-02,Ed,False,Pastor,P000099,,Ed Pastor,D,1991-01-03,AZ
P000595,D,14,-0.236,2015-01-02,Gary,True,Peters,P000595,,Gary Peters,D,2009-01-06,MI
P000265,R,6,0.379,2015-01-03,Tom,False,Petri,P000265,,Tom Petri,R,1983-01-03,WI
R000596,R,19,0.702,2015-01-03,Trey,False,Radel,R000596,,Trey Radel,R,2013-01-03,FL
R000011,D,3,-0.306,2015-01-02,Nick,False,Rahall,R000011,J.,Nick J. Rahall II,D,1983-01-03,WV
R000572,R,8,0.4,2015-01-03,Mike,False,Rogers,R000572,,Mike Rogers,R,2001-01-03,MI
R000594,R,3,0.222,2015-01-03,Jon,False,Runyan,R000594,,Jon Runyan,R,2011-01-04,NJ
S001162,D,13,-0.343,2015-01-02,Allyson,False,Schwartz,S001162,Y.,Allyson Y. Schwartz,D,2005-01-04,PA
S001186,R,2,0.56,2015-01-03,Steve,False,Southerland,S001186,,Steve Southerland,R,2011-01-04,FL
S000937,R,36,0.899,2015-01-03,Steve,False,Stockman,S000937,,Steve Stockman,R,1995-01-04,TX
T000459,R,2,0.426,2015-01-02,Lee,False,Terry,T000459,,Lee Terry,R,1999-01-06,NE
T000266,D,6,-0.488,2015-01-03,John,False,Tierney,T000266,F.,John F. Tierney,D,1997-01-07,MA
W000215,D,33,-0.473,2015-01-02,Henry,False,Waxman,W000215,A.,Henry A. Waxman,D,1983-01-03,CA
W000672,R,10,0.284,2015-01-02,Frank,False,Wolf,W000672,R.,Frank R. Wolf,R,1983-01-03,VA
A000022,D,5,,2013-01-03,Gary,False,Ackerman,A000022,L.,Gary L. Ackerman,D,1983-03-01,NY
A000366,R,24,,2013-01-03,Sandra,False,Adams,A000366,,Sandra Adams,R,2011-01-04,FL
A000358,R,2,0.612,2013-01-03,Todd,False,Akin,A000358,,Todd Akin,R,2001-01-03,MO
A000361,R,5,0.331,2013-09-26,Rodney,False,Alexander,A000361,,Rodney Alexander,R,2003-01-07,LA
A000362,D,4,-0.133,2013-01-03,Jason,False,Altmire,A000362,,Jason Altmire,D,2007-01-04,PA
A000365,R,7,,2013-01-03,Steve,False,Austria,A000365,,Steve Austria,R,2009-01-06,OH
B001234,D,43,-0.349,2013-01-03,Joe,False,Baca,B001234,,Joe Baca,D,1999-01-06,CA
B001230,D,2,-0.528,2013-01-03,Tammy,True,Baldwin,B001230,,Tammy Baldwin,D,1999-01-06,WI
B000208,R,6,0.493,2013-01-03,Roscoe,False,Bartlett,B000208,G.,Roscoe G. Bartlett,R,1993-01-05,MD
B000220,R,2,0.331,2013-01-03,Charles,False,Bass,B000220,F.,Charles F. Bass,R,1995-01-04,NH
B001272,R,1,0.328,2013-01-03,Rick,False,Berg,B001272,,Rick Berg,R,2011-01-04,ND
B001231,D,1,-0.302,2013-01-03,Shelley,False,Berkley,B001231,,Shelley Berkley,D,1999-01-06,NV
B000410,D,28,,2013-01-03,Howard,False,Berman,B000410,L.,Howard L. Berman,D,1983-01-03,CA
B001232,R,13,0.323,2013-01-03,Judy,False,Biggert,B001232,,Judy Biggert,R,1999-01-06,IL
B000461,R,50,0.392,2013-01-03,Brian,False,Bilbray,B000461,P.,Brian P. Bilbray,R,1995-01-04,CA
B001244,R,1,0.367,2013-08-02,Jo,False,Bonner,B001244,,Jo Bonner,R,2003-01-07,AL
B001228,R,45,0.353,2013-01-03,Mary,False,Bono Mack,B001228,,Mary Bono Mack,R,1998-04-07,CA
B001254,D,2,-0.112,2013-01-03,Dan,False,Boren,B001254,,Dan Boren,D,2005-01-04,OK
B000652,D,3,-0.238,2013-01-03,Leonard,False,Boswell,B000652,L.,Leonard L. Boswell,D,1997-01-07,IA
B001276,R,25,0.579,2013-01-03,Ann Marie,False,Buerkle,B001276,,Ann Marie Buerkle,R,2011-01-04,NY
B001149,R,5,,2013-01-03,Dan,False,Burton,B001149,,Dan Burton,R,1983-01-03,IN
C001082,R,23,0.571,2013-01-03,Francisco,False,Canseco,C001082,,Francisco Canseco,R,2011-01-04,TX
C001060,D,3,-0.347,2013-01-03,Russ,False,Carnahan,C001060,,Russ Carnahan,D,2005-01-04,MO
C001058,D,6,-0.232,2013-01-03,Ben,False,Chandler,C001058,,Ben Chandler,D,2003-01-07,KY
C001085,D,13,-0.478,2013-01-03,Hansen,False,Clarke,C001085,,Hansen Clarke,D,2011-01-04,MI
C000794,D,12,,2013-01-03,Jerry,False,Costello,C000794,F.,Jerry F. Costello,D,1987-01-06,IL
C001086,R,8,0.366,2013-01-03,Chip,False,Cravaack,C001086,,Chip Cravaack,R,2011-01-04,MN
C001081,D,12,,2013-01-03,Mark,False,Critz,C001081,,Mark Critz,D,2010-05-20,PA
C001089,D,11,-0.409,2013-01-03,David,False,Curson,C001089,Alan,David Alan Curson,D,2012-11-13,MI
D000327,D,6,-0.312,2013-01-03,Norman,False,Dicks,D000327,D.,Norman D. Dicks,D,1983-01-03,WA
D000607,D,2,-0.119,2013-01-03,Joe,False,Donnelly,D000607,,Joe Donnelly,D,2007-01-04,IN
D000492,R,26,0.478,2013-01-03,David,False,Dreier,D000492,,David Dreier,R,1983-01-03,CA
E000172,R,8,0.269,2013-01-22,Jo Ann,False,Emerson,E000172,,Jo Ann Emerson,R,1996-11-05,MO
F000444,R,6,0.855,2013-01-03,Jeff,False,Flake,F000444,,Jeff Flake,R,2001-01-03,AZ
F000339,D,4,-0.499,2013-01-03,Barney,False,Frank,F000339,,Barney Frank,D,1983-01-03,MA
G000021,R,24,,2013-01-03,Elton,False,Gallegly,G000021,,Elton Gallegly,R,1987-01-06,CA
G000544,D,20,-0.347,2013-01-03,Charlie,False,Gonzalez,G000544,,Charlie Gonzalez,D,1999-01-06,TX
H001054,R,19,0.282,2013-01-03,Nan,False,Hayworth,H001054,,Nan Hayworth,R,2011-01-04,NY
H001046,D,1,-0.297,2013-01-03,Martin,True,Heinrich,H001046,,Martin Heinrich,D,2009-01-06,NM
H000528,R,2,,2013-01-03,Wally,False,Herger,H000528,,Wally Herger,R,1987-01-06,CA
H000627,D,22,-0.575,2013-01-03,Maurice,False,Hinchey,H000627,D.,Maurice D. Hinchey,D,1993-01-05,NY
H001042,D,2,-0.489,2013-01-03,Mazie,True,Hirono,H001042,K.,Mazie K. Hirono,D,2007-01-04,HI
H001062,D,26,-0.239,2013-01-03,Kathy,False,Hochul,H001062,,Kathy Hochul,D,2011-06-01,NY
H000712,D,17,-0.233,2013-01-03,Tim,False,Holden,H000712,,Tim Holden,D,1993-01-05,PA
J000285,R,15,0.264,2013-01-03,Timothy,False,Johnson,J000285,V.,Timothy V. Johnson,R,2001-01-03,IL
K000172,D,5,-0.385,2013-01-03,Dale,False,Kildee,K000172,E.,Dale E. Kildee,D,1983-01-03,MI
K000369,D,8,,2013-01-03,Larry,False,Kissell,K000369,,Larry Kissell,D,2009-01-06,NC
K000336,D,10,-0.582,2013-01-03,Dennis,False,Kucinich,K000336,J.,Dennis J. Kucinich,D,1997-01-07,OH
L000574,R,3,0.614,2013-01-03,Jeff,False,Landry,L000574,,Jeff Landry,R,2011-01-04,LA
L000553,R,14,0.211,2013-01-03,Steven,False,LaTourette,L000553,C.,Steven C. LaTourette,R,1995-01-04,OH
L000274,R,41,0.348,2013-01-03,Jerry,False,Lewis,L000274,,Jerry Lewis,R,1983-01-03,CA
L000517,R,3,0.497,2013-01-03,Dan,False,Lungren,L000517,,Dan Lungren,R,1983-01-03,CA
M001155,R,14,0.601,2013-01-03,Connie,False,Mack,M001155,,Connie Mack,R,2005-01-04,FL
M001138,R,16,0.51,2013-01-03,Donald,False,Manzullo,M001138,,Donald Manzullo,R,1993-01-05,IL
M000133,D,7,-0.503,2013-07-15,Edward,True,Markey,M000133,J.,Edward J. Markey,D,1983-01-03,MA
M001154,D,13,-0.376,2013-01-03,Brad,False,Miller,M001154,,Brad Miller,D,2003-01-07,NC
M001169,D,5,-0.308,2013-01-03,Christopher,True,Murphy,M001169,S.,Christopher S. Murphy,D,2007-01-04,CT
M001134,R,9,0.56,2013-01-03,Sue,False,Myrick,M001134,,Sue Myrick,R,1995-01-04,NC
O000085,D,1,,2013-01-03,John,False,Olver,O000085,W.,John W. Olver,D,1991-01-03,MA
P000583,R,14,0.863,2013-01-03,Ron,False,Paul,P000583,,Ron Paul,R,1983-01-03,TX
P000587,R,6,0.655,2013-01-03,Mike,False,Pence,P000587,,Mike Pence,R,2001-01-03,IN
P000585,R,19,0.252,2013-01-03,Todd,False,Platts,P000585,R.,Todd R. Platts,R,2001-01-03,PA
Q000024,R,3,,2013-01-03,Ben,False,Quayle,Q000024,,Ben Quayle,R,2011-01-04,AZ
R000571,R,1,0.337,2013-01-03,Denny,False,Rehberg,R000571,,Denny Rehberg,R,2001-01-03,MT
R000170,D,16,-0.321,2013-01-03,Silvestre,False,Reyes,R000170,,Silvestre Reyes,D,1997-01-07,TX
R000581,D,37,,2013-01-03,Laura,False,Richardson,R000581,,Laura Richardson,D,2007-01-04,CA
R000590,R,25,,2013-01-03,David,False,Rivera,R000590,,David Rivera,R,2011-01-04,FL
R000573,D,4,-0.201,2013-01-03,Mike,False,Ross,R000573,,Mike Ross,D,2001-01-03,AR
R000462,D,9,-0.352,2013-01-03,Steven,False,Rothman,R000462,R.,Steven R. Rothman,D,1997-01-07,NJ
S001182,R,17,0.364,2013-01-03,Bobby,False,Schilling,S001182,,Bobby Schilling,R,2011-01-04,IL
S001164,R,2,0.467,2013-01-03,Jean,False,Schmidt,S001164,,Jean Schmidt,R,2005-01-04,OH
S001184,R,1,0.655,2013-01-03,Tim,True,Scott,S001184,,Tim Scott,R,2011-01-04,SC
S001171,D,11,-0.07,2013-01-03,Heath,False,Shuler,S001171,,Heath Shuler,D,2007-01-04,NC
S000810,D,13,-0.631,2013-01-03,Pete,False,Stark,S000810,,Pete Stark,D,1983-01-03,CA
S000822,R,6,,2013-01-03,Cliff,False,Stearns,S000822,,Cliff Stearns,R,1989-01-03,FL
S001155,R,1,0.513,2013-01-03,John,False,Sullivan,S001155,,John Sullivan,R,2001-01-03,OK
S001174,D,13,-0.44,2013-01-03,Betty,False,Sutton,S001174,,Betty Sutton,D,2007-01-04,OH
T000326,D,10,-0.519,2013-01-03,Edolphus,False,Towns,T000326,,Edolphus Towns,D,1983-01-03,NY
T000471,R,9,0.281,2013-01-03,Bob,False,Turner,T000471,,Bob Turner,R,2011-09-15,NY
W000811,R,8,0.708,2013-01-03,Joe,False,Walsh,W000811,,Joe Walsh,R,2011-01-04,IL
W000207,D,12,-0.526,2014-01-06,Melvin,False,Watt,W000207,,Melvin Watt,D,1993-01-05,NC
W000807,R,22,,2013-01-03,Allen,False,West,W000807,,Allen West,R,2011-01-04,FL
W000738,D,6,-0.556,2013-01-03,Lynn,False,Woolsey,W000738,,Lynn Woolsey,D,1993-01-05,CA
Y000031,R,10,0.325,2013-10-18,C. W. Bill,False,Young,Y000031,,C. W. Bill Young,R,1983-01-03,FL
C001050,D,18,-0.262,2012-08-14,Dennis,False,Cardoza,C001050,,Dennis Cardoza,D,2003-01-07,CA
D000603,R,4,0.398,2012-07-31,Geoff,False,Davis,D000603,,Geoff Davis,R,2005-01-04,KY
F000116,D,51,-0.652,2012-12-03,Bob,False,Filner,F000116,,Bob Filner,D,1993-01-05,CA
G000554,D,8,-0.11,2012-01-25,Gabrielle,False,Giffords,G000554,,Gabrielle Giffords,D,2007-01-04,AZ
I000026,D,1,,2012-03-20,Jay,False,Inslee,I000026,,Jay Inslee,D,1993-01-05,WA
J000283,D,2,-0.538,2012-11-21,Jesse,False,Jackson,J000283,L.,Jesse L. Jackson Jr.,D,1995-01-04,IL
M001147,R,11,0.335,2012-07-06,Thaddeus,False,McCotter,M001147,,Thaddeus McCotter,R,2003-01-07,MI
P000149,D,10,,2012-03-06,Donald,False,Payne,P000149,M.,Donald M. Payne,D,1989-01-03,NJ
H000213,D,36,-0.262,2011-02-28,Jane,False,Harman,H000213,,Jane Harman,D,1993-01-05,CA
H001041,R,2,0.464,2011-05-09,Dean,False,Heller,H001041,,Dean Heller,R,2007-01-04,NV
L000568,R,26,,2011-02-09,Christopher,False,Lee,L000568,,Christopher Lee,R,2009-01-06,NY
W000792,D,9,-0.408,2011-06-21,Anthony,False,Weiner,W000792,,Anthony Weiner,D,1999-01-06,NY
W000793,D,1,-0.37,2011-08-03,David,False,Wu,W000793,,David Wu,D,1999-01-06,OR
A000014,D,1,,2010-02-28,Neil,False,Abercrombie,A000014,,Neil Abercrombie,D,1986-09-20,HI
A000364,D,3,,2011-01-03,John,False,Adler,A000364,,John Adler,D,2009-01-06,NJ
A000363,D,24,,2011-01-03,Michael,False,Arcuri,A000363,,Michael Arcuri,D,2007-01-04,NY
B001229,D,3,,2011-01-03,Brian,False,Baird,B001229,,Brian Baird,D,1999-01-06,WA
B001239,R,3,,2011-01-03,J.,False,Barrett,B001239,Gresham,J. Gresham Barrett,R,2003-01-07,SC
B001253,D,8,,2011-01-03,Melissa,False,Bean,B001253,,Melissa Bean,D,2005-01-04,IL
B000420,D,1,,2011-01-03,Marion,False,Berry,B000420,,Marion Berry,D,1997-01-07,AR
B000575,R,7,,2011-01-03,Roy,True,Blunt,B000575,,Roy Blunt,R,1997-01-07,MO
B001263,D,16,,2011-01-03,John,False,Boccieri,B001263,,John Boccieri,D,2009-01-06,OH
B001236,R,3,,2011-01-03,John,True,Boozman,B001236,,John Boozman,R,2001-01-03,AR
B000657,D,9,,2011-01-03,Rick,False,Boucher,B000657,,Rick Boucher,D,1983-01-03,VA
B000716,D,2,,2011-01-03,Allen,False,Boyd,B000716,,Allen Boyd,D,1997-01-07,FL
B001264,D,2,,2011-01-03,Bobby,False,Bright,B001264,,Bobby Bright,D,2009-01-06,AL
B001235,R,1,,2011-01-03,Henry,False,Brown,B001235,E.,Henry E. Brown Jr.,R,2001-01-03,SC
B001247,R,5,,2011-01-03,Ginny,False,Brown-Waite,B001247,,Ginny Brown-Waite,R,2003-01-07,FL
B001203,R,4,,2011-01-03,Steve,False,Buyer,B001203,,Steve Buyer,R,1993-01-05,IN
C001079,R,2,,2011-01-03,Anh,False,Cao,C001079,,Anh Cao,R,2009-01-06,LA
C001065,D,10,,2011-01-03,Christopher,False,Carney,C001065,,Christopher Carney,D,2007-01-04,PA
C000243,R,1,,2011-01-03,Michael,False,Castle,C000243,N.,Michael N. Castle,R,1993-01-05,DE
C001074,D,1,,2011-01-03,Travis,False,Childers,C001074,W.,Travis W. Childers,D,2008-05-20,MS
D000608,D,3,,2011-01-03,Kathy,False,Dahlkemper,D000608,,Kathy Dahlkemper,D,2009-01-06,PA
D000602,D,7,,2011-01-03,Artur,False,Davis,D000602,,Artur Davis,D,2003-01-07,AL
D000599,D,4,,2011-01-03,Lincoln,False,Davis,D000599,,Lincoln Davis,D,2003-01-07,TN
D000168,R,9,,2010-03-22,Nathan,False,Deal,D000168,,Nathan Deal,R,1993-01-05,GA
D000210,D,10,,2011-01-03,Bill,False,Delahunt,D000210,,Bill Delahunt,D,1997-01-07,MA
D000299,R,21,,2011-01-03,Lincoln,False,Diaz-Balart,D000299,,Lincoln Diaz-Balart,R,1993-01-05,FL
D000609,D,1,,2011-01-03,Steve,False,Driehaus,D000609,,Steve Driehaus,D,2009-01-06,OH
E000063,D,17,,2011-01-03,Chet,False,Edwards,E000063,,Chet Edwards,D,1991-01-03,TX
E000092,R,3,,2011-01-03,Vernon,False,Ehlers,E000092,J.,Vernon J. Ehlers,R,1993-01-05,MI
E000289,D,8,,2011-01-03,Brad,False,Ellsworth,E000289,,Brad Ellsworth,D,2007-01-04,IN
E000226,D,2,,2011-01-03,Bob,False,Etheridge,E000226,,Bob Etheridge,D,1997-01-07,NC
F000453,R,5,,2011-01-03,Mary,False,Fallin,F000453,,Mary Fallin,R,2007-01-04,OK
G000309,D,6,,2011-01-03,Bart,False,Gordon,G000309,,Bart Gordon,D,1985-01-03,TN
G000557,R,5,,2011-01-03,Parker,False,Griffith,G000557,,Parker Griffith,R,2009-01-06,AL
H001039,D,19,,2011-01-03,John,False,Hall,H001039,,John Hall,D,2007-01-04,NY
H001044,D,11,,2011-01-03,Debbie,False,Halvorson,H001044,,Debbie Halvorson,D,2009-01-06,IL
H001040,D,17,,2011-01-03,Phil,False,Hare,H001040,,Phil Hare,D,2007-01-04,IL
H001037,D,1,,2011-01-03,Stephanie,False,Herseth Sandlin,H001037,,Stephanie Herseth Sandlin,D,2003-01-07,SD
H001030,D,9,,2011-01-03,Baron,False,Hill,H001030,P.,Baron P. Hill,D,1999-01-06,IN
H001043,D,2,,2011-01-03,Paul,False,Hodes,H001043,W.,Paul W. Hodes,D,2007-01-04,NH
H000676,R,2,,2011-01-03,Peter,False,Hoekstra,H000676,,Peter Hoekstra,R,1993-01-05,MI
I000023,R,4,,2011-01-03,Bob,False,Inglis,I000023,,Bob Inglis,R,1993-01-05,SC
K000365,D,8,,2011-01-03,Steve,False,Kagen,K000365,,Steve Kagen,D,2007-01-04,WI
K000008,D,11,,2011-01-03,Paul,False,Kanjorski,K000008,E.,Paul E. Kanjorski,D,1985-01-03,PA
K000113,D,1,,2011-01-03,Patrick,False,Kennedy,K000113,J.,Patrick J. Kennedy,D,1995-01-04,RI
K000180,D,13,,2011-01-03,Carolyn,False,Kilpatrick,K000180,Cheeks,Carolyn Cheeks Kilpatrick,D,1997-01-07,MI
K000372,D,15,,2011-01-03,Mary Jo,False,Kilroy,K000372,,Mary Jo Kilroy,D,2009-01-06,OH
K000360,R,10,,2010-11-29,Mark,False,Kirk,K000360,Steven,Mark Steven Kirk,R,2001-01-03,IL
K000366,D,22,,2011-01-03,Ron,False,Klein,K000366,,Ron Klein,D,2007-01-04,FL
K000370,D,24,,2011-01-03,Suzanne,False,Kosmas,K000370,M.,Suzanne M. Kosmas,D,2009-01-06,FL
K000371,D,1,,2011-01-03,Frank,False,Kratovil,K000371,,Frank Kratovil Jr.,D,2009-01-06,MD
L000321,R,7,,2011-01-03,John,False,Linder,L000321,,John Linder,R,1993-01-05,GA
M001172,D,4,,2011-01-03,Betsy,False,Markey,M001172,,Betsy Markey,D,2009-01-06,CO
M001146,D,8,,2011-01-03,Jim,False,Marshall,M001146,,Jim Marshall,D,2003-01-07,GA
M001173,D,29,,2010-03-08,Eric,False,Massa,M001173,,Eric Massa,D,2009-01-06,NY
M001174,D,13,,2011-01-03,Michael,False,McMahon,M001174,E.,Michael E. McMahon,D,2009-01-06,NY
M001148,D,17,,2011-01-03,Kendrick,False,Meek,M001148,B.,Kendrick B. Meek,D,2003-01-07,FL
M001161,D,3,,2011-01-03,Charlie,False,Melancon,M001161,,Charlie Melancon,D,2005-01-04,LA
M001175,D,1,,2011-01-03,Walt,False,Minnick,M001175,,Walt Minnick,D,2009-01-06,ID
M001167,D,5,,2011-01-03,Harry,False,Mitchell,M001167,E.,Harry E. Mitchell,D,2007-01-04,AZ
M000844,D,1,,2011-01-03,Alan,False,Mollohan,M000844,B.,Alan B. Mollohan,D,1983-01-03,WV
M001140,D,3,,2011-01-03,Dennis,False,Moore,M001140,,Dennis Moore,D,1999-01-06,KS
M000934,R,1,,2011-01-03,Jerry,True,Moran,M000934,,Jerry Moran,R,1997-01-07,KS
M001178,D,20,,2011-01-03,Scott,False,Murphy,M001178,,Scott Murphy,D,2009-04-29,NY
M001168,D,8,,2011-01-03,Patrick,False,Murphy,M001168,J.,Patrick J. Murphy,D,2007-01-04,PA
M001120,D,12,,2010-02-08,John,False,Murtha,M001120,P.,John P. Murtha,D,1983-01-03,PA
N000183,D,2,,2011-01-03,Glenn,False,Nye,N000183,,Glenn Nye,D,2009-01-06,VA
O000006,D,8,,2011-01-03,James,False,Oberstar,O000006,L.,James L. Oberstar,D,1983-01-03,MN
O000007,D,7,,2011-01-03,David,False,Obey,O000007,R.,David R. Obey,D,1983-01-03,WI
O000107,D,27,,2011-01-03,Solomon,False,Ortiz,O000107,P.,Solomon P. Ortiz,D,1983-01-03,TX
P000600,D,5,,2011-01-03,Tom,False,Perriello,P000600,,Tom Perriello,D,2009-01-06,VA
P000422,D,1,,2011-01-03,Earl,False,Pomeroy,P000422,,Earl Pomeroy,D,1993-01-05,ND
P000586,R,12,,2011-01-03,Adam,False,Putnam,P000586,H.,Adam H. Putnam,R,2001-01-03,FL
R000004,R,19,,2011-01-03,George,False,Radanovich,R000004,P.,George P. Radanovich,R,1995-01-04,CA
R000568,D,23,,2011-01-03,Ciro,False,Rodriguez,R000568,D.,Ciro D. Rodriguez,D,1997-01-07,TX
S001158,D,3,,2011-01-03,John,False,Salazar,S001158,,John Salazar,D,2005-01-04,CO
S001178,D,7,,2011-01-03,Mark,False,Schauer,S001178,,Mark Schauer,D,2009-01-06,MI
S001169,D,7,,2011-01-03,Joe,False,Sestak,S001169,,Joe Sestak,D,2007-01-04,PA
S000275,R,3,,2011-01-03,John,False,Shadegg,S000275,,John Shadegg,R,1995-01-04,AZ
S000465,D,4,,2011-01-03,Ike,False,Skelton,S000465,,Ike Skelton,D,1983-01-03,MO
S000672,D,2,,2011-01-03,Vic,False,Snyder,S000672,,Vic Snyder,D,1997-01-07,AR
S001143,R,3,,2010-05-21,Mark,False,Souder,S001143,,Mark Souder,R,1995-01-04,IN
S001173,D,18,,2011-01-03,Zack,False,Space,S001173,,Zack Space,D,2007-01-04,OH
S000749,D,5,,2011-01-03,John,False,Spratt,S000749,M.,John M. Spratt Jr.,D,1983-01-03,SC
S001045,D,1,,2011-01-03,Bart,False,Stupak,S001045,,Bart Stupak,D,1993-01-05,MI
T000038,D,8,,2011-01-03,John,False,Tanner,T000038,,John Tanner,D,1989-01-03,TN
T000074,D,4,,2011-01-03,Gene,False,Taylor,T000074,,Gene Taylor,D,1989-01-03,MS
T000466,D,2,,2011-01-03,Harry,False,Teague,T000466,,Harry Teague,D,2009-01-06,NM
T000260,R,4,,2011-01-03,Todd,False,Tiahrt,T000260,,Todd Tiahrt,R,1995-01-04,KS
W000119,R,3,,2011-01-03,Zach,False,Wamp,W000119,,Zach Wamp,R,1995-01-04,TN
W000794,D,33,,2011-01-03,Diane,False,Watson,W000794,,Diane Watson,D,2001-01-03,CA
W000801,D,6,,2011-01-03,Charlie,False,Wilson,W000801,,Charlie Wilson,D,2007-01-04,OH
B001245,D,79,,2019-01-03,Madeleine,False,Bordallo,B001245,Z.,Madeleine Z. Bordallo,D,2003-01-07,GU
F000010,D,79,,2015-01-03,Eni,False,Faleomavaega,F000010,F. H.,Eni F. H. Faleomavaega,D,1989-01-03,AS
D000611,,1,,2011-01-03,Charles,False,Djou,D000611,,Charles Djou,R,2010-05-25,HI
C000380,D,79,,2015-01-02,Donna,False,Christensen,C000380,M.C.,Donna M.C. Christensen,D,1997-01-03,VI
P000596,D,80,,2017-01-03,Pedro,False,Pierluisi,P000596,,Pedro Pierluisi,D,2009-01-06,PR
G000555,D,20,,2009-01-26,Kirsten,True,Gillibrand,G000555,E.,Kirsten E. Gillibrand,D,2007-01-04,NY
M000472,,23,,2009-09-21,John,False,McHugh,M000472,M.,John M. McHugh,R,1993-01-05,NY
S001153,,32,,2009-02-25,Hilda,False,Solis,S001153,L.,Hilda L. Solis,D,2001-01-03,CA
T000057,,10,,2009-06-26,Ellen,False,Tauscher,T000057,O.,Ellen O. Tauscher,D,1997-01-07,CA
W000314,,19,,2010-01-04,Robert,False,Wexler,W000314,,Robert Wexler,D,1997-01-07,FL
A000357,,1,,2009-01-03,Thomas,False,Allen,A000357,H.,Thomas H. Allen,D,1997-01-07,ME
B000072,,6,,2008-02-02,Richard,False,Baker,B000072,Hugh,Richard Hugh Baker,R,1987-01-06,LA
B001258,,2,,2009-01-03,Nancy,False,Boyda,B001258,E.,Nancy E. Boyda,D,2007-01-04,KS
C000116,,3,,2009-01-03,Christopher,False,Cannon,C000116,B.,Christopher B. Cannon,R,1997-01-07,UT
C000868,,5,,2009-01-03,Robert,False,Cramer,C000868,E.,Robert E. Cramer,D,1991-01-03,AL
C000962,,1,,2009-01-03,Barbara,False,Cubin,C000962,L.,Barbara L. Cubin,R,1995-01-04,WY
D000606,,1,,2009-01-03,David,False,Davis,D000606,,David Davis,R,2007-01-04,TN
D000136,,11,,2008-11-24,Thomas,False,Davis,D000136,M.,Thomas M. Davis,R,1995-01-04,VA
D000429,,4,,2009-01-03,John,False,Doolittle,D000429,T.,John T. Doolittle,R,1991-01-03,CA
D000605,,2,,2009-01-03,Thelma,False,Drake,D000605,D.,Thelma D. Drake,R,2005-01-04,VA
E000287,,5,,2009-01-03,Rahm,False,Emanuel,E000287,,Rahm Emanuel,D,2003-01-07,IL
E000187,,3,,2009-01-03,Phil,False,English,E000187,,Phil English,R,1995-01-04,PA
E000268,,2,,2009-01-03,Terry,False,Everett,E000268,,Terry Everett,R,1993-01-05,AL
F000447,,24,,2009-01-03,Tom,False,Feeney,F000447,C.,Tom C. Feeney,R,2003-01-07,FL
F000443,,7,,2009-01-03,Michael,False,Ferguson,F000443,,Michael Ferguson,R,2001-01-03,NJ
F000440,,13,,2009-01-03,Vito,False,Fossella,F000440,J.,Vito J. Fossella,R,1997-01-07,NY
G000180,,1,,2009-01-03,Wayne,False,Gilchrest,G000180,T.,Wayne T. Gilchrest,R,1991-01-03,MD
G000280,,5,,2009-01-03,Virgil,False,Goode,G000280,H.,Virgil H. Goode,R,1997-01-07,VA
H001029,,8,,2009-01-03,Robin,False,Hayes,H001029,C.,Robin C. Hayes,R,1999-01-06,NC
H000666,,7,,2009-01-03,David,False,Hobson,H000666,Lee,David Lee Hobson,R,1991-01-03,OH
H000762,,5,,2009-01-03,Darlene,False,Hooley,H000762,,Darlene Hooley,D,1997-01-07,OR
H000948,,9,,2009-01-03,Kenny,False,Hulshof,H000948,C.,Kenny C. Hulshof,R,1997-01-07,MO
H000981,,52,,2009-01-03,Duncan,False,Hunter,H000981,L.,Duncan L. Hunter,R,1983-01-03,CA
J000070,,2,,2009-01-03,William,False,Jefferson,J000070,J.,William J. Jefferson,D,1991-01-03,LA
J000284,,11,,2008-08-20,Stephanie,False,Jones,J000284,Tubbs,Stephanie Tubbs Jones,D,1999-01-06,OH
K000361,,8,,2009-01-03,Ric,False,Keller,K000361,,Ric Keller,R,2001-01-03,FL
K000288,,9,,2009-01-03,Joseph,False,Knollenberg,K000288,K.,Joseph K. Knollenberg,R,1993-01-05,MI
K000364,,29,,2009-01-03,John,False,Kuhl,K000364,R.,John R. Kuhl,R,2005-01-04,NY
L000552,,18,,2009-01-03,Ray,False,LaHood,L000552,H.,Ray H. LaHood,R,1995-01-04,IL
L000043,,22,,2009-01-03,Nicholas,False,Lampson,L000043,V.,Nicholas V. Lampson,D,1997-01-07,TX
L000090,,12,,2008-02-11,Tom,False,Lantos,L000090,,Tom Lantos,D,1983-01-03,CA
L000293,,2,,2009-01-03,Ron,False,Lewis,L000293,,Ron Lewis,R,1993-01-05,KY
M001164,,16,,2009-01-03,Tim,False,Mahoney,M001164,,Tim Mahoney,D,2007-01-04,FL
M000388,,4,,2009-01-03,Jim,False,McCrery,M000388,O.,Jim O. McCrery,R,1987-01-06,LA
M000590,,21,,2009-01-03,Michael,False,McNulty,M000590,R.,Michael R. McNulty,D,1989-01-03,NY
M001152,,4,,2009-01-03,Marilyn,False,Musgrave,M001152,N.,Marilyn N. Musgrave,R,2003-01-07,CO
P000263,,5,,2009-01-03,John,False,Peterson,P000263,E.,John E. Peterson,R,1997-01-07,PA
P000323,,3,,2009-01-03,Charles,False,Pickering,P000323,W.,Charles W. Pickering,R,1997-01-07,MS
P000589,,3,,2009-01-03,Jon,False,Porter,P000589,Christopher,Jon Christopher Porter,R,2003-01-07,NV
P000555,,15,,2009-01-03,Deborah,False,Pryce,P000555,D.,Deborah D. Pryce,R,1993-01-05,OH
R000033,,3,,2009-01-03,James,False,Ramstad,R000033,M.,James M. Ramstad,R,1991-01-03,MN
R000141,,16,,2009-01-03,Ralph,False,Regula,R000141,,Ralph Regula,R,1983-01-03,OH
R000574,,1,,2009-01-03,Rick,False,Renzi,R000574,,Rick Renzi,R,2003-01-07,AZ
R000569,,26,,2009-01-03,Thomas,False,Reynolds,R000569,M.,Thomas M. Reynolds,R,1999-01-06,NY
S001167,,1,,2009-01-03,Bill,False,Sali,S001167,,Bill Sali,R,2007-01-04,ID
S000097,,3,,2009-01-03,H. James,False,Saxton,S000097,,H. James Saxton,R,1985-01-03,NJ
S001144,,4,,2009-01-03,Christopher,False,Shays,S001144,H.,Christopher H. Shays,R,1987-01-06,CT
T000458,,6,,2009-01-03,Thomas,False,Tancredo,T000458,G.,Thomas G. Tancredo,R,1999-01-06,CO
U000038,D,2,,2009-01-03,Mark,False,Udall,U000038,,Mark Udall,D,1999-01-06,CO
U000039,D,3,,2009-01-03,Tom,True,Udall,U000039,,Tom Udall,D,1999-01-06,NM
W000099,,25,,2009-01-03,James,False,Walsh,W000099,T.,James T. Walsh,R,1989-01-03,NY
W000267,,15,,2009-01-03,David,False,Weldon,W000267,J.,David J. Weldon,R,1995-01-04,FL
W000273,,11,,2009-01-03,Gerald,False,Weller,W000273,C.,Gerald C. Weller,R,1995-01-04,IL
W000789,,1,,2009-01-03,Heather,False,Wilson,W000789,A.,Heather A. Wilson,R,1997-01-07,NM
W000784,,4,,2008-05-31,Albert,False,Wynn,W000784,Russell,Albert Russell Wynn,D,1993-01-05,MD
F000452,,80,,2009-01-03,Luis,False,Fortuno,F000452,G.,Luis G. Fortuno,R,2005-01-04,PR
C001073,,6,,2009-01-03,Donald,False,Cazayoux,C001073,J.,Donald J. Cazayoux Jr.,D,2008-05-06,LA
N000051,,5,,2005-01-03,George,False,Nethercutt,N000051,R.,George R. Nethercutt,R,1995-01-04,WA
C000191,,7,,2007-12-15,Julia,False,Carson,C000191,M.,Julia M. Carson,D,1997-01-07,IN
D000597,,1,,2007-10-06,Jo Ann,False,Davis,D000597,S.,Jo Ann S. Davis,R,2001-01-03,VA
G000210,,5,,2007-09-05,Paul,False,Gillmor,G000210,E.,Paul E. Gillmor,R,1989-01-03,OH
H000323,,14,,2007-11-26,J. Dennis,False,Hastert,H000323,,J. Dennis Hastert,R,1987-01-06,IL
J000287,,1,,2008-01-14,Bobby,False,Jindal,J000287,,Bobby Jindal,R,2005-01-04,LA
M000627,,5,,2007-07-01,Martin,False,Meehan,M000627,T.,Martin T. Meehan,D,1993-01-05,MA
M000714,,37,,2007-04-22,Juanita,False,Millender-McDonald,M000714,,Juanita Millender-McDonald,D,1995-01-04,CA
N000159,,10,,2007-02-13,Charles,False,Norwood,N000159,W.,Charles W. Norwood,R,1995-01-04,GA
W000437,R,1,,2007-12-31,Roger,True,Wicker,W000437,,Roger Wicker,R,1995-01-04,MS
B001240,,7,,2007-01-03,Bob,False,Beauprez,B001240,,Bob Beauprez,R,2003-01-07,CO
B000463,,9,,2007-01-03,Michael,False,Bilirakis,B000463,,Michael Bilirakis,R,1983-01-03,FL
B000586,,24,,2007-01-03,Sherwood,False,Boehlert,B000586,L.,Sherwood L. Boehlert,R,1983-01-03,NY
B000617,,23,,2007-01-03,Henry,False,Bonilla,B000617,,Henry Bonilla,R,1993-01-05,TX
B001246,,1,,2007-01-03,Jeb,False,Bradley,B001246,E.,Jeb E. Bradley,R,2003-01-07,NH
B000944,D,13,,2007-01-03,Sherrod,True,Brown,B000944,,Sherrod Brown,D,1993-01-05,OH
C000141,D,3,,2007-01-03,Benjamin,True,Cardin,C000141,L.,Benjamin L. Cardin,D,1987-01-06,MD
C001052,,2,,2007-01-03,Chris,False,Chocola,C001052,,Chris Chocola,R,2003-01-07,IN
D000114,,11,,2007-01-03,James,False,Davis,D000114,,James Davis,D,1997-01-07,FL
D000217,,22,,2006-06-09,Thomas,False,DeLay,D000217,Dale,Thomas Dale DeLay,R,1985-01-03,TX
E000250,,17,,2007-01-03,Lane,False,Evans,E000250,A.,Lane A. Evans,D,1983-01-03,IL
F000238,,16,,2006-09-29,Mark,False,Foley,F000238,Adam,Mark Adam Foley,R,1995-01-04,FL
F000262,,9,,2007-01-03,Harold,False,Ford,F000262,E.,Harold E. Ford Jr.,D,1997-01-07,TN
G000152,,2,,2007-01-03,James,False,Gibbons,G000152,A.,James A. Gibbons,R,1997-01-07,NV
G000545,,8,,2007-01-03,Mark,False,Green,G000545,A.,Mark A. Green,R,1999-01-06,WI
G000536,,1,,2007-01-03,Gilbert,False,Gutknecht,G000536,W.,Gilbert W. Gutknecht,R,1995-01-04,MN
H001035,,13,,2007-01-03,Katherine,False,Harris,H001035,,Katherine Harris,R,2003-01-07,FL
H001033,,4,,2007-01-03,Melissa,False,Hart,H001033,A.,Melissa A. Hart,R,2001-01-03,PA
H000413,,5,,2007-01-03,John,False,Hayworth,H000413,D.,John D. Hayworth,R,1995-01-04,AZ
H000444,,5,,2007-01-03,Joel,False,Hefley,H000444,,Joel Hefley,R,1987-01-06,CO
H000807,,8,,2007-01-03,John,False,Hostettler,H000807,Nathan,John Nathan Hostettler,R,1995-01-04,IN
H001022,,6,,2007-01-03,Henry,False,Hyde,H001022,John,Henry John Hyde,R,1983-01-03,IL
I000047,,5,,2007-01-03,Ernest,False,Istook,I000047,J.,Ernest J. Istook,R,1993-01-05,OK
J000082,,1,,2007-01-03,William,False,Jenkins,J000082,Lewis,William Lewis Jenkins,R,1997-01-07,TN
J000163,,5,,2007-01-03,Nancy,False,Johnson,J000163,Lee,Nancy Lee Johnson,R,1983-01-03,CT
K000078,,19,,2007-01-03,Sue,False,Kelly,K000078,W.,Sue W. Kelly,R,1995-01-04,NY
K000358,,6,,2007-01-03,Mark,False,Kennedy,K000358,R.,Mark R. Kennedy,R,2001-01-03,MN
K000306,,8,,2007-01-03,James,False,Kolbe,K000306,T.,James T. Kolbe,R,1985-01-03,AZ
L000169,,2,,2007-01-03,James,False,Leach,L000169,A.,James A. Leach,R,1983-01-03,IA
M000523,,4,,2007-01-03,Cynthia,False,McKinney,M000523,,Cynthia McKinney,D,1993-01-05,GA
N000081,,18,,2006-11-03,Robert,False,Ney,N000081,William,Robert William Ney,R,1995-01-04,OH
N000143,,3,,2007-01-03,Anne,False,Northup,N000143,Meagher,Anne Meagher Northup,R,1997-01-07,KY
N000172,,1,,2007-01-03,James,False,Nussle,N000172,Allen,James Allen Nussle,R,1991-01-03,IA
O000165,,3,,2007-01-03,Thomas,False,Osborne,O000165,William,Thomas William Osborne,R,2001-01-03,NE
O000166,,1,,2007-01-03,C.L.,False,Otter,O000166,,C.L. Otter,R,2001-01-03,ID
O000159,,11,,2007-01-03,Major,False,Owens,O000159,R.,Major R. Owens,D,1983-01-03,NY
O000163,,4,,2007-01-03,Michael,False,Oxley,O000163,G.,Michael G. Oxley,R,1983-01-03,OH
P000419,,11,,2007-01-03,Richard,False,Pombo,P000419,W.,Richard W. Pombo,R,1993-01-05,CA
R000566,,2,,2007-01-03,Jim,False,Ryun,R000566,R.,Jim R. Ryun,R,1995-01-04,KS
S000005,,5,,2007-01-03,Martin,False,Sabo,S000005,Olav,Martin Olav Sabo,D,1983-01-03,MN
S000033,I,1,,2007-01-03,Bernard,True,Sanders,S000033,,Bernard Sanders,I,1991-01-03,VT
S001161,,7,,2007-01-03,John,False,Schwarz,S001161,J.H.,John J.H. Schwarz,R,2005-01-04,MI
S000303,,22,,2007-01-03,E. Clay,False,Shaw,S000303,,E. Clay Shaw,R,1983-01-03,FL
S001146,,10,,2007-01-03,Donald,False,Sherwood,S001146,L.,Donald L. Sherwood,R,1999-01-06,PA
S001152,,2,,2007-01-03,Robert,False,Simmons,S001152,Ruhl,Robert Ruhl Simmons,R,2001-01-03,CT
S001160,,9,,2007-01-03,Michael,False,Sodrel,S001160,E.,Michael E. Sodrel,R,2005-01-04,IN
S001004,,6,,2007-01-03,Ted,False,Strickland,S001004,,Ted Strickland,D,1993-01-05,OH
S001149,,20,,2007-01-03,John,False,Sweeney,S001149,E.,John E. Sweeney,R,1999-01-06,NY
T000067,,11,,2007-01-03,Charles,False,Taylor,T000067,H.,Charles H. Taylor,R,1991-01-03,NC
T000188,,22,,2007-01-03,William,False,Thomas,T000188,M.,William M. Thomas,R,1983-01-03,CA
W000268,,7,,2007-01-03,W. Curtis,False,Weldon,W000268,,W. Curtis Weldon,R,1987-01-06,PA
S001166,,22,,2007-01-03,Shelley,False,Sekula-Gibbs,S001166,,Shelley Sekula-Gibbs,R,2006-11-13,TX
C000830,,48,,2007-01-03,Christopher,False,Cox,C000830,,Christopher Cox,R,1989-01-03,CA
C000994,,50,,2005-12-01,Randy,False,Cunningham,C000994,'Duke',Randy 'Duke' Cunningham,R,1991-01-03,CA
M000639,D,13,,2007-01-03,Robert,True,Menendez,M000639,,Robert Menendez,D,1993-01-05,NJ
P000449,R,2,,2007-01-03,Rob,True,Portman,P000449,,Rob Portman,R,1993-01-05,OH
M000249,,4,,2005-01-01,Robert,False,Matsui,M000249,T.,Robert T. Matsui,D,1983-01-03,CA
B001238,,1,,2004-06-11,Frank,False,Ballance,B001238,W.,Frank W. Ballance,D,2003-01-07,NC
B000104,,10,,2005-01-03,Cass,False,Ballenger,B000104,,Cass Ballenger,R,1987-01-06,NC
B001241,,25,,2005-01-03,Chris,False,Bell,B001241,,Chris Bell,D,2003-01-07,TX
B000403,,1,,2004-08-31,Douglas,False,Bereuter,B000403,K.,Douglas K. Bereuter,R,1983-01-03,NE
B001249,,12,,2005-01-03,Max,False,Burns,B001249,,Max Burns,R,2003-01-07,GA
B001135,R,5,,2005-01-03,Richard,True,Burr,B001135,M.,Richard M. Burr,R,1995-01-04,NC
C001044,,2,,2005-01-03,Brad,False,Carson,C001044,,Brad Carson,D,2001-01-03,OK
C000640,,8,,2005-01-03,Michael,False,Collins,C000640,Allen,Michael Allen Collins,R,1993-01-05,GA
C000873,,8,,2005-01-03,Philip,False,Crane,C000873,M.,Philip M. Crane,R,1983-01-03,IL
D000595,R,4,,2005-01-03,Jim,False,DeMint,D000595,,Jim DeMint,R,1999-01-06,SC
D000275,,20,,2005-01-03,Peter,False,Deutsch,D000275,,Peter Deutsch,D,1993-01-05,FL
D000424,,20,,2005-01-03,Calvin,False,Dooley,D000424,M.,Calvin M. Dooley,D,1991-01-03,CA
D000549,,8,,2005-01-03,Jennifer,False,Dunn,D000549,B.,Jennifer B. Dunn,R,1993-01-05,WA
F000392,,24,,2005-01-03,Martin,False,Frost,F000392,,Martin Frost,D,1983-01-03,TX
G000132,,3,,2005-01-03,Richard,False,Gephardt,G000132,Andrew,Richard Andrew Gephardt,D,1983-01-03,MO
G000336,,14,,2005-01-03,Porter,False,Goss,G000336,J.,Porter J. Goss,R,1989-01-03,FL
G000439,,8,,2005-01-03,James,False,Greenwood,G000439,C.,James C. Greenwood,R,1993-01-05,PA
H001031,,13,,2005-01-03,Joseph,False,Hoeffel,H001031,M.,Joseph M. Hoeffel,D,1999-01-06,PA
H000814,,29,,2005-01-03,Amory,False,Houghton,H000814,,Amory Houghton,R,1987-01-06,NY
I000055,R,6,,2005-01-03,Johnny,True,Isakson,I000055,,Johnny Isakson,R,1999-01-06,GA
J000286,,1,,2004-01-20,William,False,Janklow,J000286,J.,William J. Janklow,R,2003-01-07,SD
J000110,,7,,2005-01-03,Christopher,False,John,J000110,,Christopher John,D,1997-01-07,LA
K000259,,4,,2005-01-03,Gerald,False,Kleczka,K000259,D.,Gerald D. Kleczka,D,1987-01-06,WI
L000342,,3,,2005-01-03,William,False,Lipinski,L000342,O.,William O. Lipinski,D,1983-01-03,IL
L000558,,4,,2005-01-03,Kenneth,False,Lucas,L000558,R.,Kenneth R. Lucas,D,1999-01-06,KY
M001145,,4,,2005-01-03,Denise,False,Majette,M001145,,Denise Majette,D,2003-01-07,GA
M000316,,5,,2005-01-03,Karen,False,McCarthy,M000316,,Karen McCarthy,D,1995-01-04,MO
M000477,,3,,2005-01-03,Scott,False,McInnis,M000477,,Scott McInnis,R,1993-01-05,CO
O000164,,3,,2005-01-03,Doug,False,Ose,O000164,,Doug Ose,R,1999-01-06,CA
Q000016,,27,,2005-01-03,Jack,False,Quinn,Q000016,,Jack Quinn,R,1993-01-05,NY
S000044,,1,,2005-01-03,Max,False,Sandlin,S000044,A.,Max A. Sandlin,D,1997-01-07,TX
S001151,,2,,2005-01-03,Edward,False,Schrock,S001151,L.,Edward L. Schrock,R,2001-01-03,VA
S000597,,7,,2005-01-03,Nick,False,Smith,S000597,,Nick Smith,R,1993-01-05,MI
S000851,,17,,2005-01-03,Charles,False,Stenholm,S000851,W.,Charles W. Stenholm,D,1983-01-03,TX
T000058,,3,,2005-01-03,William,False,Tauzin,T000058,J.,William J. Tauzin,R,1983-01-03,LA
T000461,R,15,,2005-01-03,Patrick,True,Toomey,T000461,J.,Patrick J. Toomey,R,1999-01-06,PA
T000424,,2,,2005-01-03,James,False,Turner,T000424,,James Turner,D,1997-01-07,TX
V000127,R,1,,2005-01-03,David,False,Vitter,V000127,,David Vitter,R,1999-01-06,LA
C000653,,19,,2003-05-31,Larry,False,Combest,C000653,,Larry Combest,R,1985-01-03,TX
F000441,,6,,2003-12-08,Ernest,False,Fletcher,F000441,Lee,Ernest Lee Fletcher,R,1999-01-06,KY
A000217,,26,,2003-01-03,Richard,False,Armey,A000217,K.,Richard K. Armey,R,1985-01-03,TX
B000081,,2,,2003-01-03,John,False,Baldacci,B000081,,John Baldacci,D,1995-01-04,ME
B000134,,5,,2003-01-03,James,False,Barcia,B000134,A.,James A. Barcia,D,1993-01-05,MI
B000169,,7,,2003-01-03,Bob,False,Barr,B000169,,Bob Barr,R,1995-01-04,GA
B000177,,5,,2003-01-03,Thomas,False,Barrett,B000177,M.,Thomas M. Barrett,D,1993-01-05,WI
B000400,,25,,2003-01-03,Ken,False,Bentsen,B000400,,Ken Bentsen,D,1995-01-04,TX
B000518,,5,,2003-01-03,Rod,False,Blagojevich,B000518,,Rod Blagojevich,D,1997-01-07,IL
B000619,,10,,2003-01-03,David,False,Bonior,B000619,E.,David E. Bonior,D,1983-01-03,MI
B000644,,3,,2003-01-03,Robert,False,Borski,B000644,A.,Robert A. Borski,D,1983-01-03,PA
B000996,,7,,2003-01-03,Ed,False,Bryant,B000996,,Ed Bryant,R,1995-01-04,TN
C000052,,1,,2003-01-03,Sonny,False,Callahan,C000052,,Sonny Callahan,R,1985-01-03,AL
C000286,R,8,,2003-01-03,Saxby,False,Chambliss,C000286,,Saxby Chambliss,R,1995-01-04,GA
C000494,,1,,2003-01-03,Eva,False,Clayton,C000494,,Eva Clayton,D,1993-01-05,NC
C000503,,5,,2003-01-03,Bob,False,Clement,C000503,,Bob Clement,D,1987-01-06,TN
C000670,,18,,2003-01-03,Gary,False,Condit,C000670,,Gary Condit,D,1989-01-03,CA
C000735,,5,,2003-01-03,John,False,Cooksey,C000735,,John Cooksey,R,1997-01-07,LA
C000846,,14,,2003-01-03,William,False,Coyne,C000846,J.,William J. Coyne,D,1983-01-03,PA
E000093,,2,,2003-01-03,Robert,False,Ehrlich,E000093,L.,Robert L. Ehrlich,R,1995-01-04,MD
G000041,,4,,2003-01-03,Greg,False,Ganske,G000041,,Greg Ganske,R,1995-01-04,IA
G000121,,17,,2003-01-03,George,False,Gekas,G000121,W.,George W. Gekas,R,1983-01-03,PA
G000212,,20,,2003-01-03,Benjamin,False,Gilman,G000212,A.,Benjamin A. Gilman,R,1983-01-03,NY
G000359,R,3,,2003-01-03,Lindsey,True,Graham,G000359,,Lindsey Graham,R,1995-01-04,SC
G000547,,1,,2003-01-03,Felix,False,Grucci,G000547,J.,Felix J. Grucci Jr.,R,2001-01-03,NY
H000074,,3,,2003-01-03,Tony,False,Hall,H000074,P.,Tony P. Hall,D,1983-01-03,OH
H000172,,1,,2003-01-03,James,False,Hansen,H000172,V.,James V. Hansen,R,1983-01-03,UT
H000615,,4,,2003-01-03,Van,False,Hilleary,H000615,,Van Hilleary,R,1995-01-04,TN
H000621,,7,,2003-01-03,Earl,False,Hilliard,H000621,F.,Earl F. Hilliard,D,1993-01-05,AL
H000789,,38,,2003-01-03,Stephen,False,Horn,H000789,,Stephen Horn,R,1993-01-05,CA
K000359,,7,,2003-01-03,Brian,False,Kerns,K000359,D.,Brian D. Kerns,R,2001-01-03,IN
L000556,,29,,2003-01-03,John,False,LaFalce,L000556,J.,John J. LaFalce,D,1983-01-03,NY
L000096,,1,,2003-01-03,Steve,False,Largent,L000096,,Steve Largent,R,1993-01-05,OK
L000521,,6,,2003-01-03,Bill,False,Luther,L000521,,Bill Luther,D,1995-01-04,MN
M000090,,5,,2003-01-03,James,False,Maloney,M000090,H.,James H. Maloney,D,1997-01-07,CT
M000212,,20,,2003-01-03,Frank,False,Mascara,M000212,,Frank Mascara,D,1995-01-04,PA
M000628,,17,,2003-01-03,Carrie,False,Meek,M000628,P.,Carrie P. Meek,D,1993-01-05,FL
M000720,,13,,2003-01-03,Dan,False,Miller,M000720,,Dan Miller,R,1993-01-05,FL
M000797,,2,,2002-02-28,Patsy,False,Mink,M000797,T.,Patsy T. Mink,D,1989-01-03,HI
M000941,,8,,2003-01-03,Constance,False,Morella,M000941,A.,Constance A. Morella,R,1987-01-06,MD
P000584,,19,,2003-01-03,David,False,Phelps,P000584,D.,David D. Phelps,D,1999-01-06,IL
R000258,,3,,2003-01-03,Bob,False,Riley,R000258,,Bob Riley,R,1997-01-07,AL
R000281,,13,,2003-01-03,Lynn,False,Rivers,R000281,N.,Lynn N. Rivers,D,1995-01-04,MI
R000385,,3,,2003-01-03,Tim,False,Roemer,R000385,,Tim Roemer,D,1991-01-03,IN
R000465,,5,,2003-01-03,Marge,False,Roukema,R000465,,Marge Roukema,R,1983-01-03,NJ
S000094,,14,,2003-01-03,Tom,False,Sawyer,S000094,,Tom Sawyer,D,1987-01-06,OH
S000112,,4,,2003-01-03,Bob,False,Schaffer,S000112,,Bob Schaffer,R,1997-01-07,CO
S001147,,4,,2003-01-03,Ronnie,False,Shows,S001147,,Ronnie Shows,D,1999-01-06,MS
S000394,,9,,2001-02-03,Bud,False,Shuster,S000394,,Bud Shuster,R,1983-01-03,PA
S000463,,2,,2003-01-03,Joe,False,Skeen,S000463,,Joe Skeen,R,1983-01-03,NM
S001044,,3,,2003-01-03,Bob,False,Stump,S001044,,Bob Stump,R,1983-01-03,AZ
S001078,,1,,2003-01-03,John,False,Sununu,S001078,E.,John E. Sununu,R,1997-01-07,NH
T000250,R,1,,2003-01-03,John,True,Thune,T000250,,John Thune,R,1997-01-07,SD
T000253,,5,,2003-01-03,Karen,False,Thurman,T000253,L.,Karen L. Thurman,D,1993-01-05,FL
T000350,,17,,2002-07-24,James,False,Traficant,T000350,A.,James A. Traficant Jr.,D,1985-01-03,OH
W000194,,3,,2003-01-03,Wes,False,Watkins,W000194,,Wes Watkins,R,1983-01-03,OK
W000210,,4,,2003-01-03,J.C.,False,Watts,W000210,,J.C. Watts,R,1995-01-04,OK
H001014,,3,,2003-01-03,Asa,False,Hutchinson,H001014,,Asa Hutchinson,R,1997-01-07,AR
M000834,,9,,2001-05-28,Joe,False,Moakley,M000834,,Joe Moakley,D,1983-01-03,MA
S000106,,1,,2001-09-05,Joe,False,Scarborough,S000106,,Joe Scarborough,R,1995-01-04,FL
S000453,,4,,2003-01-03,Norman,False,Sisisky,S000453,,Norman Sisisky,D,1983-01-03,VA
S000718,,2,,2001-08-16,Floyd,False,Spence,S000718,,Floyd Spence,R,1983-01-03,SC
A000215,,7,,2001-01-03,Bill,False,Archer,A000215,,Bill Archer,R,1983-01-03,TX
B000179,,3,,2001-01-03,Bill,False,Barrett,B000179,,Bill Barrett,R,1991-01-03,NE
B000229,,1,,2000-09-11,Herbert,False,Bateman,B000229,H.,Herbert H. Bateman,R,1983-01-03,VA
B000556,,7,,2001-01-03,Tom,False,Bliley,B000556,,Tom Bliley,R,1983-01-03,VA
C000100,,15,,2001-01-03,Tom,False,Campbell,C000100,,Tom Campbell,R,1989-01-03,CA
C000107,,12,,2001-01-03,Charles,False,Canady,C000107,T.,Charles T. Canady,R,1993-01-05,FL
C000345,,1,,2001-01-03,Helen,False,Chenoweth-Hage,C000345,,Helen Chenoweth-Hage,R,1995-01-03,ID
C000488,,1,,2001-01-03,William,False,Clay,C000488,,William Clay,D,1983-01-03,MO
C000560,R,2,,2001-01-03,Tom,False,Coburn,C000560,,Tom Coburn,R,1995-01-04,OK
C000722,,2,,2001-01-03,Merrill,False,Cook,C000722,,Merrill Cook,R,1997-01-07,UT
D000046,,6,,2001-01-03,Pat,False,Danner,D000046,,Pat Danner,D,1993-01-05,MO
D000312,,4,,2001-01-03,Jay,False,Dickey,D000312,,Jay Dickey,R,1993-01-05,AR
D000373,,32,,2000-12-08,Julian,False,Dixon,D000373,C.,Julian C. Dixon,D,1983-01-03,CA
E000282,,15,,2001-01-03,Thomas,False,Ewing,E000282,W.,Thomas W. Ewing,R,1991-01-03,IL
F000257,,1,,2001-01-03,Michael,False,Forbes,F000257,P.,Michael P. Forbes,D,1995-01-04,NY
F000328,,4,,2001-01-03,Tillie,False,Fowler,F000328,K.,Tillie K. Fowler,R,1993-01-05,FL
F000349,,7,,2001-01-03,Bob,False,Franks,F000349,,Bob Franks,R,1993-01-05,NJ
G000120,,2,,2001-01-03,Sam,False,Gejdenson,G000120,,Sam Gejdenson,D,1983-01-03,CT
G000291,,19,,2001-01-03,William,False,Goodling,G000291,F.,William F. Goodling,R,1983-01-03,PA
H000605,,1,,2001-01-03,Rick,False,Hill,H000605,,Rick Hill,R,1997-01-07,MT
K000016,,12,,2001-01-03,John,False,Kasich,K000016,R.,John R. Kasich,R,1983-01-03,OH
K000270,,4,,2001-01-03,Ron,False,Klink,K000270,,Ron Klink,D,1993-01-05,PA
K000357,,36,,2001-01-03,Steven,False,Kuykendall,K000357,T.,Steven T. Kuykendall,R,1999-01-06,CA
L000155,,2,,2001-01-03,Rick,False,Lazio,L000155,,Rick Lazio,R,1993-01-05,NY
M000206,,31,,2001-01-03,Matthew,False,Martinez,M000206,G.,Matthew G. Martinez,D,1983-01-03,CA
M000350,,8,,2001-01-03,Bill,False,McCollum,M000350,,Bill McCollum,R,1983-01-03,FL
M000481,,2,,2001-01-03,David,False,McIntosh,M000481,M.,David M. McIntosh,R,1995-01-04,IN
M000669,,2,,2001-01-03,Jack,False,Metcalf,M000669,,Jack Metcalf,R,1995-01-04,WA
M000795,,2,,2001-01-03,David,False,Minge,M000795,,David Minge,D,1993-01-05,MN
P000005,,48,,2001-01-03,Ron,False,Packard,P000005,,Ron Packard,R,1983-01-03,CA
P000171,,7,,2001-01-03,Edward,False,Pease,P000171,A.,Edward A. Pease,R,1997-01-07,IN
P000326,,2,,2001-01-03,Owen,False,Pickett,P000326,B.,Owen B. Pickett,D,1987-01-06,VA
P000444,,10,,2001-01-03,John,False,Porter,P000444,Edward,John Edward Porter,R,1983-01-03,IL
R000386,,27,,2001-01-03,James,False,Rogan,R000386,E.,James E. Rogan,R,1997-01-07,CA
S000770,D,8,,2001-01-03,Debbie,True,Stabenow,S000770,,Debbie Stabenow,D,1997-01-07,MI
T000024,,2,,2001-01-03,James,False,Talent,T000024,M.,James M. Talent,R,1993-01-05,MO
V000087,,4,,2000-10-10,Bruce,False,Vento,V000087,F.,Bruce F. Vento,D,1983-01-03,MN
W000315,,2,,2001-01-03,Robert,False,Weygand,W000315,A.,Robert A. Weygand,D,1997-01-07,RI
W000654,,2,,2001-01-03,Robert,False,Wise,W000654,E.,Robert E. Wise Jr.,D,1983-01-03,WV
B000918,,42,,1999-06-05,George,False,Brown,B000918,E.,George E. Brown,D,1983-01-03,CA
L000371,,1,,1999-03-01,Bob,False,Livingston,L000371,,Bob Livingston,R,1983-01-03,LA
